Datum;Last_MWh
01.01.2027 00:00;1,3796
01.01.2027 01:00;1,303
01.01.2027 02:00;1,2479
01.01.2027 03:00;1,3286
01.01.2027 04:00;1,3064
01.01.2027 05:00;1,3815
01.01.2027 06:00;1,6518
01.01.2027 07:00;2,205
01.01.2027 08:00;2,3883
01.01.2027 09:00;2,7534
01.01.2027 10:00;2,9229
01.01.2027 11:00;2,6688
01.01.2027 12:00;2,4832
01.01.2027 13:00;2,5132
01.01.2027 14:00;2,8018
01.01.2027 15:00;2,5506
01.01.2027 16:00;2,5979
01.01.2027 17:00;2,5573
01.01.2027 18:00;2,1196
01.01.2027 19:00;1,8627
01.01.2027 20:00;1,5074
01.01.2027 21:00;1,5483
01.01.2027 22:00;1,4383
01.01.2027 23:00;1,4225
02.01.2027 00:00;1,8883
02.01.2027 01:00;1,8665
02.01.2027 02:00;1,7204
02.01.2027 03:00;1,7122
02.01.2027 04:00;2,001
02.01.2027 05:00;1,87
02.01.2027 06:00;2,2169
02.01.2027 07:00;2,2847
02.01.2027 08:00;2,4528
02.01.2027 09:00;2,5061
02.01.2027 10:00;2,4543
02.01.2027 11:00;2,4386
02.01.2027 12:00;2,2851
02.01.2027 13:00;2,3178
02.01.2027 14:00;2,3928
02.01.2027 15:00;2,4712
02.01.2027 16:00;2,5915
02.01.2027 17:00;2,3982
02.01.2027 18:00;2,2962
02.01.2027 19:00;2,0601
02.01.2027 20:00;2,1247
02.01.2027 21:00;2,0629
02.01.2027 22:00;2,0702
02.01.2027 23:00;1,9437
03.01.2027 00:00;1,9421
03.01.2027 01:00;1,8138
03.01.2027 02:00;1,708
03.01.2027 03:00;1,8216
03.01.2027 04:00;1,8404
03.01.2027 05:00;2,0473
03.01.2027 06:00;2,052
03.01.2027 07:00;2,2428
03.01.2027 08:00;2,4627
03.01.2027 09:00;2,5734
03.01.2027 10:00;2,4013
03.01.2027 11:00;2,3033
03.01.2027 12:00;2,4295
03.01.2027 13:00;2,2883
03.01.2027 14:00;2,5875
03.01.2027 15:00;2,5333
03.01.2027 16:00;2,2802
03.01.2027 17:00;2,511
03.01.2027 18:00;2,1358
03.01.2027 19:00;2,1845
03.01.2027 20:00;2,1125
03.01.2027 21:00;2,023
03.01.2027 22:00;1,9529
03.01.2027 23:00;2,0162
04.01.2027 00:00;2,5367
04.01.2027 01:00;2,4385
04.01.2027 02:00;2,3681
04.01.2027 03:00;2,2621
04.01.2027 04:00;2,5071
04.01.2027 05:00;2,4762
04.01.2027 06:00;2,8488
04.01.2027 07:00;3,7536
04.01.2027 08:00;4,5538
04.01.2027 09:00;4,9147
04.01.2027 10:00;5,1234
04.01.2027 11:00;4,9584
04.01.2027 12:00;4,4479
04.01.2027 13:00;4,6118
04.01.2027 14:00;5,0932
04.01.2027 15:00;5,0528
04.01.2027 16:00;4,4138
04.01.2027 17:00;4,796
04.01.2027 18:00;4,1585
04.01.2027 19:00;3,2044
04.01.2027 20:00;2,8513
04.01.2027 21:00;2,7738
04.01.2027 22:00;2,8097
04.01.2027 23:00;2,6847
05.01.2027 00:00;2,3312
05.01.2027 01:00;2,3727
05.01.2027 02:00;2,3715
05.01.2027 03:00;2,2677
05.01.2027 04:00;2,3977
05.01.2027 05:00;2,4577
05.01.2027 06:00;3,0397
05.01.2027 07:00;3,8564
05.01.2027 08:00;4,7091
05.01.2027 09:00;4,9623
05.01.2027 10:00;5,2821
05.01.2027 11:00;4,8095
05.01.2027 12:00;4,3746
05.01.2027 13:00;4,538
05.01.2027 14:00;5,2209
05.01.2027 15:00;4,8723
05.01.2027 16:00;4,6669
05.01.2027 17:00;4,6449
05.01.2027 18:00;4,0598
05.01.2027 19:00;3,3457
05.01.2027 20:00;2,8948
05.01.2027 21:00;2,9132
05.01.2027 22:00;2,6754
05.01.2027 23:00;2,5806
06.01.2027 00:00;1,4123
06.01.2027 01:00;1,2861
06.01.2027 02:00;1,2383
06.01.2027 03:00;1,2823
06.01.2027 04:00;1,2951
06.01.2027 05:00;1,414
06.01.2027 06:00;1,7108
06.01.2027 07:00;2,3215
06.01.2027 08:00;2,5882
06.01.2027 09:00;2,5814
06.01.2027 10:00;2,6248
06.01.2027 11:00;2,6066
06.01.2027 12:00;2,3261
06.01.2027 13:00;2,5177
06.01.2027 14:00;2,6369
06.01.2027 15:00;2,6475
06.01.2027 16:00;2,5675
06.01.2027 17:00;2,3921
06.01.2027 18:00;2,0776
06.01.2027 19:00;1,7494
06.01.2027 20:00;1,6046
06.01.2027 21:00;1,5077
06.01.2027 22:00;1,4447
06.01.2027 23:00;1,5346
07.01.2027 00:00;2,5271
07.01.2027 01:00;2,4315
07.01.2027 02:00;2,3563
07.01.2027 03:00;2,402
07.01.2027 04:00;2,378
07.01.2027 05:00;2,5226
07.01.2027 06:00;2,9864
07.01.2027 07:00;4,0104
07.01.2027 08:00;4,5913
07.01.2027 09:00;4,7887
07.01.2027 10:00;5,1376
07.01.2027 11:00;4,834
07.01.2027 12:00;4,1659
07.01.2027 13:00;4,78
07.01.2027 14:00;5,0981
07.01.2027 15:00;4,7575
07.01.2027 16:00;4,5729
07.01.2027 17:00;4,4021
07.01.2027 18:00;4,0135
07.01.2027 19:00;3,2869
07.01.2027 20:00;2,8602
07.01.2027 21:00;2,8512
07.01.2027 22:00;2,6255
07.01.2027 23:00;2,6747
08.01.2027 00:00;2,4842
08.01.2027 01:00;2,4002
08.01.2027 02:00;2,3249
08.01.2027 03:00;2,2517
08.01.2027 04:00;2,4041
08.01.2027 05:00;2,4796
08.01.2027 06:00;3,0833
08.01.2027 07:00;3,8696
08.01.2027 08:00;4,7256
08.01.2027 09:00;5,344
08.01.2027 10:00;4,8393
08.01.2027 11:00;4,9742
08.01.2027 12:00;4,3696
08.01.2027 13:00;4,8206
08.01.2027 14:00;5,1456
08.01.2027 15:00;4,9721
08.01.2027 16:00;4,6014
08.01.2027 17:00;4,496
08.01.2027 18:00;3,7146
08.01.2027 19:00;3,4552
08.01.2027 20:00;2,8854
08.01.2027 21:00;2,6784
08.01.2027 22:00;2,8285
08.01.2027 23:00;2,5663
09.01.2027 00:00;1,943
09.01.2027 01:00;1,8277
09.01.2027 02:00;1,8404
09.01.2027 03:00;1,8411
09.01.2027 04:00;1,8738
09.01.2027 05:00;2,0142
09.01.2027 06:00;2,1103
09.01.2027 07:00;2,2543
09.01.2027 08:00;2,2984
09.01.2027 09:00;2,4952
09.01.2027 10:00;2,5227
09.01.2027 11:00;2,4274
09.01.2027 12:00;2,3848
09.01.2027 13:00;2,3089
09.01.2027 14:00;2,5329
09.01.2027 15:00;2,3402
09.01.2027 16:00;2,4846
09.01.2027 17:00;2,3537
09.01.2027 18:00;2,3367
09.01.2027 19:00;2,1442
09.01.2027 20:00;2,1794
09.01.2027 21:00;1,9731
09.01.2027 22:00;1,9882
09.01.2027 23:00;1,9274
10.01.2027 00:00;1,9611
10.01.2027 01:00;1,8772
10.01.2027 02:00;1,7015
10.01.2027 03:00;1,7888
10.01.2027 04:00;1,8944
10.01.2027 05:00;1,89
10.01.2027 06:00;2,1775
10.01.2027 07:00;2,1475
10.01.2027 08:00;2,3783
10.01.2027 09:00;2,5131
10.01.2027 10:00;2,3922
10.01.2027 11:00;2,3897
10.01.2027 12:00;2,1955
10.01.2027 13:00;2,3011
10.01.2027 14:00;2,459
10.01.2027 15:00;2,4859
10.01.2027 16:00;2,4976
10.01.2027 17:00;2,3577
10.01.2027 18:00;2,1902
10.01.2027 19:00;2,1559
10.01.2027 20:00;2,0533
10.01.2027 21:00;2,024
10.01.2027 22:00;2,0567
10.01.2027 23:00;1,8128
11.01.2027 00:00;2,5481
11.01.2027 01:00;2,3642
11.01.2027 02:00;2,3722
11.01.2027 03:00;2,2276
11.01.2027 04:00;2,3994
11.01.2027 05:00;2,5068
11.01.2027 06:00;2,9779
11.01.2027 07:00;3,8139
11.01.2027 08:00;4,7722
11.01.2027 09:00;4,6609
11.01.2027 10:00;4,9337
11.01.2027 11:00;5,0294
11.01.2027 12:00;4,5381
11.01.2027 13:00;4,6744
11.01.2027 14:00;5,0116
11.01.2027 15:00;5,0408
11.01.2027 16:00;4,6317
11.01.2027 17:00;4,395
11.01.2027 18:00;3,7932
11.01.2027 19:00;3,2451
11.01.2027 20:00;2,8986
11.01.2027 21:00;2,6801
11.01.2027 22:00;2,6678
11.01.2027 23:00;2,4813
12.01.2027 00:00;2,4317
12.01.2027 01:00;2,4936
12.01.2027 02:00;2,4062
12.01.2027 03:00;2,2008
12.01.2027 04:00;2,3182
12.01.2027 05:00;2,5559
12.01.2027 06:00;3,0014
12.01.2027 07:00;3,594
12.01.2027 08:00;4,6952
12.01.2027 09:00;4,8938
12.01.2027 10:00;5,2874
12.01.2027 11:00;5,0717
12.01.2027 12:00;4,5376
12.01.2027 13:00;4,8381
12.01.2027 14:00;5,1746
12.01.2027 15:00;5,0292
12.01.2027 16:00;4,619
12.01.2027 17:00;4,5871
12.01.2027 18:00;3,9712
12.01.2027 19:00;3,3554
12.01.2027 20:00;2,9046
12.01.2027 21:00;2,6817
12.01.2027 22:00;2,5769
12.01.2027 23:00;2,648
13.01.2027 00:00;2,7352
13.01.2027 01:00;2,4354
13.01.2027 02:00;2,4041
13.01.2027 03:00;2,3837
13.01.2027 04:00;2,3137
13.01.2027 05:00;2,5471
13.01.2027 06:00;3,0008
13.01.2027 07:00;3,9814
13.01.2027 08:00;4,8175
13.01.2027 09:00;5,0537
13.01.2027 10:00;5,0725
13.01.2027 11:00;4,9789
13.01.2027 12:00;4,5041
13.01.2027 13:00;4,7881
13.01.2027 14:00;4,8843
13.01.2027 15:00;5,1163
13.01.2027 16:00;4,7064
13.01.2027 17:00;4,3767
13.01.2027 18:00;4,0381
13.01.2027 19:00;3,3065
13.01.2027 20:00;2,966
13.01.2027 21:00;2,824
13.01.2027 22:00;2,6984
13.01.2027 23:00;2,5768
14.01.2027 00:00;2,5549
14.01.2027 01:00;2,3911
14.01.2027 02:00;2,3797
14.01.2027 03:00;2,3993
14.01.2027 04:00;2,3826
14.01.2027 05:00;2,4979
14.01.2027 06:00;2,9134
14.01.2027 07:00;3,8042
14.01.2027 08:00;4,7482
14.01.2027 09:00;4,7981
14.01.2027 10:00;5,1439
14.01.2027 11:00;5,0111
14.01.2027 12:00;4,3201
14.01.2027 13:00;4,6274
14.01.2027 14:00;5,0566
14.01.2027 15:00;4,9703
14.01.2027 16:00;4,9391
14.01.2027 17:00;4,3048
14.01.2027 18:00;3,6964
14.01.2027 19:00;3,2892
14.01.2027 20:00;2,8212
14.01.2027 21:00;2,6934
14.01.2027 22:00;2,5941
14.01.2027 23:00;2,5593
15.01.2027 00:00;2,5371
15.01.2027 01:00;2,42
15.01.2027 02:00;2,2973
15.01.2027 03:00;2,4095
15.01.2027 04:00;2,3985
15.01.2027 05:00;2,6236
15.01.2027 06:00;2,9335
15.01.2027 07:00;3,9602
15.01.2027 08:00;4,4153
15.01.2027 09:00;4,8184
15.01.2027 10:00;4,8546
15.01.2027 11:00;4,8621
15.01.2027 12:00;4,3685
15.01.2027 13:00;4,7509
15.01.2027 14:00;5,0472
15.01.2027 15:00;5,122
15.01.2027 16:00;4,9283
15.01.2027 17:00;4,1872
15.01.2027 18:00;3,94
15.01.2027 19:00;3,2154
15.01.2027 20:00;2,8179
15.01.2027 21:00;2,7092
15.01.2027 22:00;2,5945
15.01.2027 23:00;2,6568
16.01.2027 00:00;1,8959
16.01.2027 01:00;1,7772
16.01.2027 02:00;1,9047
16.01.2027 03:00;1,8447
16.01.2027 04:00;1,7692
16.01.2027 05:00;2,0909
16.01.2027 06:00;2,1237
16.01.2027 07:00;2,1846
16.01.2027 08:00;2,24
16.01.2027 09:00;2,4058
16.01.2027 10:00;2,5246
16.01.2027 11:00;2,3394
16.01.2027 12:00;2,415
16.01.2027 13:00;2,3552
16.01.2027 14:00;2,356
16.01.2027 15:00;2,4973
16.01.2027 16:00;2,4302
16.01.2027 17:00;2,3742
16.01.2027 18:00;2,2132
16.01.2027 19:00;2,2086
16.01.2027 20:00;2,0517
16.01.2027 21:00;2,0974
16.01.2027 22:00;1,9156
16.01.2027 23:00;1,8913
17.01.2027 00:00;2,0654
17.01.2027 01:00;1,9006
17.01.2027 02:00;1,7277
17.01.2027 03:00;1,7588
17.01.2027 04:00;1,8789
17.01.2027 05:00;1,9796
17.01.2027 06:00;2,1254
17.01.2027 07:00;2,3327
17.01.2027 08:00;2,3178
17.01.2027 09:00;2,2437
17.01.2027 10:00;2,4937
17.01.2027 11:00;2,4505
17.01.2027 12:00;2,2469
17.01.2027 13:00;2,3397
17.01.2027 14:00;2,3996
17.01.2027 15:00;2,5696
17.01.2027 16:00;2,57
17.01.2027 17:00;2,2741
17.01.2027 18:00;2,2258
17.01.2027 19:00;2,0949
17.01.2027 20:00;2,0534
17.01.2027 21:00;2,0253
17.01.2027 22:00;2,0855
17.01.2027 23:00;1,9506
18.01.2027 00:00;2,5759
18.01.2027 01:00;2,349
18.01.2027 02:00;2,3998
18.01.2027 03:00;2,2219
18.01.2027 04:00;2,3075
18.01.2027 05:00;2,5176
18.01.2027 06:00;2,9406
18.01.2027 07:00;4,0746
18.01.2027 08:00;4,6545
18.01.2027 09:00;5,0455
18.01.2027 10:00;5,0495
18.01.2027 11:00;5,2697
18.01.2027 12:00;4,3477
18.01.2027 13:00;4,6762
18.01.2027 14:00;4,8907
18.01.2027 15:00;4,9118
18.01.2027 16:00;4,6405
18.01.2027 17:00;4,6266
18.01.2027 18:00;3,9672
18.01.2027 19:00;3,2524
18.01.2027 20:00;2,75
18.01.2027 21:00;2,7151
18.01.2027 22:00;2,6859
18.01.2027 23:00;2,6271
19.01.2027 00:00;2,5515
19.01.2027 01:00;2,3741
19.01.2027 02:00;2,3075
19.01.2027 03:00;2,3609
19.01.2027 04:00;2,3471
19.01.2027 05:00;2,5019
19.01.2027 06:00;3,1612
19.01.2027 07:00;3,8936
19.01.2027 08:00;4,731
19.01.2027 09:00;5,2163
19.01.2027 10:00;5,3623
19.01.2027 11:00;4,9127
19.01.2027 12:00;4,3275
19.01.2027 13:00;4,499
19.01.2027 14:00;5,1944
19.01.2027 15:00;4,9895
19.01.2027 16:00;4,9396
19.01.2027 17:00;4,4371
19.01.2027 18:00;3,9624
19.01.2027 19:00;3,2117
19.01.2027 20:00;2,8144
19.01.2027 21:00;2,8866
19.01.2027 22:00;2,7064
19.01.2027 23:00;2,6777
20.01.2027 00:00;2,5203
20.01.2027 01:00;2,4558
20.01.2027 02:00;2,3487
20.01.2027 03:00;2,4053
20.01.2027 04:00;2,3289
20.01.2027 05:00;2,3421
20.01.2027 06:00;3,0833
20.01.2027 07:00;3,8432
20.01.2027 08:00;4,4204
20.01.2027 09:00;5,1341
20.01.2027 10:00;4,8988
20.01.2027 11:00;5,0179
20.01.2027 12:00;4,223
20.01.2027 13:00;4,5558
20.01.2027 14:00;5,0998
20.01.2027 15:00;4,627
20.01.2027 16:00;5,0267
20.01.2027 17:00;4,3487
20.01.2027 18:00;3,9606
20.01.2027 19:00;3,3505
20.01.2027 20:00;2,8458
20.01.2027 21:00;2,6832
20.01.2027 22:00;2,5951
20.01.2027 23:00;2,3966
21.01.2027 00:00;2,5664
21.01.2027 01:00;2,397
21.01.2027 02:00;2,4162
21.01.2027 03:00;2,2298
21.01.2027 04:00;2,5223
21.01.2027 05:00;2,5162
21.01.2027 06:00;2,9443
21.01.2027 07:00;3,8767
21.01.2027 08:00;4,6487
21.01.2027 09:00;4,9006
21.01.2027 10:00;5,1244
21.01.2027 11:00;5,018
21.01.2027 12:00;4,0894
21.01.2027 13:00;4,593
21.01.2027 14:00;4,8003
21.01.2027 15:00;4,8945
21.01.2027 16:00;4,6778
21.01.2027 17:00;4,6739
21.01.2027 18:00;3,7883
21.01.2027 19:00;3,2095
21.01.2027 20:00;2,817
21.01.2027 21:00;2,7849
21.01.2027 22:00;2,7808
21.01.2027 23:00;2,7173
22.01.2027 00:00;2,6793
22.01.2027 01:00;2,4108
22.01.2027 02:00;2,3273
22.01.2027 03:00;2,3107
22.01.2027 04:00;2,4104
22.01.2027 05:00;2,5975
22.01.2027 06:00;3,0447
22.01.2027 07:00;3,7568
22.01.2027 08:00;4,681
22.01.2027 09:00;4,8316
22.01.2027 10:00;5,1468
22.01.2027 11:00;4,8509
22.01.2027 12:00;4,2938
22.01.2027 13:00;4,8727
22.01.2027 14:00;4,8372
22.01.2027 15:00;5,0179
22.01.2027 16:00;4,8322
22.01.2027 17:00;4,3119
22.01.2027 18:00;3,9544
22.01.2027 19:00;3,2686
22.01.2027 20:00;2,8291
22.01.2027 21:00;2,8324
22.01.2027 22:00;2,6381
22.01.2027 23:00;2,53
23.01.2027 00:00;1,96
23.01.2027 01:00;1,9253
23.01.2027 02:00;1,8074
23.01.2027 03:00;1,8166
23.01.2027 04:00;1,7512
23.01.2027 05:00;1,9457
23.01.2027 06:00;2,2494
23.01.2027 07:00;2,3475
23.01.2027 08:00;2,4063
23.01.2027 09:00;2,4817
23.01.2027 10:00;2,4094
23.01.2027 11:00;2,4139
23.01.2027 12:00;2,4671
23.01.2027 13:00;2,2971
23.01.2027 14:00;2,3532
23.01.2027 15:00;2,3724
23.01.2027 16:00;2,3859
23.01.2027 17:00;2,4411
23.01.2027 18:00;2,2675
23.01.2027 19:00;2,2137
23.01.2027 20:00;2,1173
23.01.2027 21:00;1,9825
23.01.2027 22:00;2,0559
23.01.2027 23:00;2,0064
24.01.2027 00:00;1,9319
24.01.2027 01:00;1,8651
24.01.2027 02:00;1,7635
24.01.2027 03:00;1,7699
24.01.2027 04:00;1,8977
24.01.2027 05:00;1,9128
24.01.2027 06:00;2,0821
24.01.2027 07:00;2,2847
24.01.2027 08:00;2,5044
24.01.2027 09:00;2,4018
24.01.2027 10:00;2,5302
24.01.2027 11:00;2,4592
24.01.2027 12:00;2,3126
24.01.2027 13:00;2,1849
24.01.2027 14:00;2,4473
24.01.2027 15:00;2,4785
24.01.2027 16:00;2,413
24.01.2027 17:00;2,3246
24.01.2027 18:00;2,2282
24.01.2027 19:00;2,1269
24.01.2027 20:00;2,1404
24.01.2027 21:00;2,0173
24.01.2027 22:00;1,9
24.01.2027 23:00;1,9968
25.01.2027 00:00;2,5649
25.01.2027 01:00;2,4106
25.01.2027 02:00;2,206
25.01.2027 03:00;2,2789
25.01.2027 04:00;2,2768
25.01.2027 05:00;2,5128
25.01.2027 06:00;2,9018
25.01.2027 07:00;4,0547
25.01.2027 08:00;4,6936
25.01.2027 09:00;5,136
25.01.2027 10:00;5,2096
25.01.2027 11:00;4,9411
25.01.2027 12:00;4,4812
25.01.2027 13:00;4,6527
25.01.2027 14:00;5,0985
25.01.2027 15:00;5,0869
25.01.2027 16:00;4,9258
25.01.2027 17:00;4,6441
25.01.2027 18:00;4,0277
25.01.2027 19:00;3,4245
25.01.2027 20:00;2,8586
25.01.2027 21:00;2,8161
25.01.2027 22:00;2,7305
25.01.2027 23:00;2,6747
26.01.2027 00:00;2,5458
26.01.2027 01:00;2,4552
26.01.2027 02:00;2,2464
26.01.2027 03:00;2,4051
26.01.2027 04:00;2,5325
26.01.2027 05:00;2,5079
26.01.2027 06:00;2,9872
26.01.2027 07:00;3,9943
26.01.2027 08:00;4,6484
26.01.2027 09:00;5,2286
26.01.2027 10:00;5,2143
26.01.2027 11:00;4,9279
26.01.2027 12:00;4,4005
26.01.2027 13:00;4,8714
26.01.2027 14:00;5,0124
26.01.2027 15:00;4,8374
26.01.2027 16:00;4,6536
26.01.2027 17:00;4,4722
26.01.2027 18:00;3,8525
26.01.2027 19:00;3,2766
26.01.2027 20:00;2,7827
26.01.2027 21:00;2,7981
26.01.2027 22:00;2,7694
26.01.2027 23:00;2,5298
27.01.2027 00:00;2,463
27.01.2027 01:00;2,4173
27.01.2027 02:00;2,2488
27.01.2027 03:00;2,3918
27.01.2027 04:00;2,3758
27.01.2027 05:00;2,533
27.01.2027 06:00;3,0739
27.01.2027 07:00;3,6095
27.01.2027 08:00;4,7421
27.01.2027 09:00;4,6182
27.01.2027 10:00;5,0538
27.01.2027 11:00;4,9888
27.01.2027 12:00;4,3525
27.01.2027 13:00;4,5751
27.01.2027 14:00;5,1131
27.01.2027 15:00;4,9362
27.01.2027 16:00;4,8653
27.01.2027 17:00;4,4763
27.01.2027 18:00;3,8417
27.01.2027 19:00;3,3202
27.01.2027 20:00;2,9282
27.01.2027 21:00;2,8861
27.01.2027 22:00;2,6497
27.01.2027 23:00;2,5614
28.01.2027 00:00;2,562
28.01.2027 01:00;2,3301
28.01.2027 02:00;2,2621
28.01.2027 03:00;2,4718
28.01.2027 04:00;2,3664
28.01.2027 05:00;2,5219
28.01.2027 06:00;2,979
28.01.2027 07:00;3,8012
28.01.2027 08:00;4,6516
28.01.2027 09:00;5,1255
28.01.2027 10:00;4,6941
28.01.2027 11:00;4,9444
28.01.2027 12:00;4,3166
28.01.2027 13:00;4,523
28.01.2027 14:00;5,068
28.01.2027 15:00;4,8654
28.01.2027 16:00;4,8897
28.01.2027 17:00;4,4714
28.01.2027 18:00;3,9895
28.01.2027 19:00;3,5038
28.01.2027 20:00;2,7691
28.01.2027 21:00;2,8384
28.01.2027 22:00;2,6278
28.01.2027 23:00;2,6519
29.01.2027 00:00;2,4677
29.01.2027 01:00;2,3738
29.01.2027 02:00;2,2488
29.01.2027 03:00;2,2958
29.01.2027 04:00;2,4833
29.01.2027 05:00;2,4667
29.01.2027 06:00;2,888
29.01.2027 07:00;3,9778
29.01.2027 08:00;4,489
29.01.2027 09:00;5,1531
29.01.2027 10:00;5,1091
29.01.2027 11:00;4,9127
29.01.2027 12:00;4,1194
29.01.2027 13:00;4,5184
29.01.2027 14:00;4,7362
29.01.2027 15:00;5,0301
29.01.2027 16:00;4,8845
29.01.2027 17:00;4,5297
29.01.2027 18:00;3,9805
29.01.2027 19:00;3,3826
29.01.2027 20:00;2,8421
29.01.2027 21:00;2,6468
29.01.2027 22:00;2,8419
29.01.2027 23:00;2,5703
30.01.2027 00:00;1,9305
30.01.2027 01:00;1,9435
30.01.2027 02:00;1,8816
30.01.2027 03:00;1,7403
30.01.2027 04:00;1,8868
30.01.2027 05:00;1,8932
30.01.2027 06:00;2,0889
30.01.2027 07:00;2,1888
30.01.2027 08:00;2,2837
30.01.2027 09:00;2,4972
30.01.2027 10:00;2,5259
30.01.2027 11:00;2,4777
30.01.2027 12:00;2,2841
30.01.2027 13:00;2,2772
30.01.2027 14:00;2,2252
30.01.2027 15:00;2,3791
30.01.2027 16:00;2,4429
30.01.2027 17:00;2,4497
30.01.2027 18:00;2,2395
30.01.2027 19:00;2,1897
30.01.2027 20:00;2,1658
30.01.2027 21:00;1,9405
30.01.2027 22:00;1,9513
30.01.2027 23:00;1,9869
31.01.2027 00:00;2,0095
31.01.2027 01:00;1,8413
31.01.2027 02:00;1,8102
31.01.2027 03:00;1,7504
31.01.2027 04:00;1,8541
31.01.2027 05:00;1,9436
31.01.2027 06:00;2,1137
31.01.2027 07:00;2,3093
31.01.2027 08:00;2,3435
31.01.2027 09:00;2,4476
31.01.2027 10:00;2,4802
31.01.2027 11:00;2,3678
31.01.2027 12:00;2,4139
31.01.2027 13:00;2,2906
31.01.2027 14:00;2,3555
31.01.2027 15:00;2,4219
31.01.2027 16:00;2,3785
31.01.2027 17:00;2,2734
31.01.2027 18:00;2,2616
31.01.2027 19:00;2,0994
31.01.2027 20:00;2,0243
31.01.2027 21:00;2,0569
31.01.2027 22:00;1,9484
31.01.2027 23:00;1,9084
01.02.2027 00:00;2,5737
01.02.2027 01:00;2,3546
01.02.2027 02:00;2,414
01.02.2027 03:00;2,3365
01.02.2027 04:00;2,3917
01.02.2027 05:00;2,6147
01.02.2027 06:00;3,1814
01.02.2027 07:00;3,9686
01.02.2027 08:00;4,6158
01.02.2027 09:00;4,8401
01.02.2027 10:00;5,0736
01.02.2027 11:00;4,8779
01.02.2027 12:00;4,2653
01.02.2027 13:00;4,6444
01.02.2027 14:00;4,9091
01.02.2027 15:00;5,1232
01.02.2027 16:00;4,7268
01.02.2027 17:00;4,4657
01.02.2027 18:00;3,7356
01.02.2027 19:00;3,3226
01.02.2027 20:00;2,8314
01.02.2027 21:00;2,7774
01.02.2027 22:00;2,6081
01.02.2027 23:00;2,5571
02.02.2027 00:00;2,6339
02.02.2027 01:00;2,4265
02.02.2027 02:00;2,3426
02.02.2027 03:00;2,304
02.02.2027 04:00;2,2734
02.02.2027 05:00;2,5665
02.02.2027 06:00;2,9633
02.02.2027 07:00;3,8922
02.02.2027 08:00;4,76
02.02.2027 09:00;4,9246
02.02.2027 10:00;5,0035
02.02.2027 11:00;5,3045
02.02.2027 12:00;4,5072
02.02.2027 13:00;4,5121
02.02.2027 14:00;5,1964
02.02.2027 15:00;4,8391
02.02.2027 16:00;4,7101
02.02.2027 17:00;4,15
02.02.2027 18:00;4,0126
02.02.2027 19:00;3,0661
02.02.2027 20:00;2,8723
02.02.2027 21:00;2,6993
02.02.2027 22:00;2,6342
02.02.2027 23:00;2,634
03.02.2027 00:00;2,5303
03.02.2027 01:00;2,3574
03.02.2027 02:00;2,3492
03.02.2027 03:00;2,3872
03.02.2027 04:00;2,4175
03.02.2027 05:00;2,4346
03.02.2027 06:00;3,0845
03.02.2027 07:00;3,9204
03.02.2027 08:00;4,6759
03.02.2027 09:00;5,0585
03.02.2027 10:00;4,8154
03.02.2027 11:00;4,885
03.02.2027 12:00;4,2317
03.02.2027 13:00;4,8024
03.02.2027 14:00;5,1511
03.02.2027 15:00;4,7499
03.02.2027 16:00;4,8479
03.02.2027 17:00;4,407
03.02.2027 18:00;3,9904
03.02.2027 19:00;3,3201
03.02.2027 20:00;2,8017
03.02.2027 21:00;2,7171
03.02.2027 22:00;2,8235
03.02.2027 23:00;2,5654
04.02.2027 00:00;2,4371
04.02.2027 01:00;2,3877
04.02.2027 02:00;2,3986
04.02.2027 03:00;2,2013
04.02.2027 04:00;2,2466
04.02.2027 05:00;2,4865
04.02.2027 06:00;3,1129
04.02.2027 07:00;3,8462
04.02.2027 08:00;4,4958
04.02.2027 09:00;4,9345
04.02.2027 10:00;5,1436
04.02.2027 11:00;4,8411
04.02.2027 12:00;4,3494
04.02.2027 13:00;4,8986
04.02.2027 14:00;4,9457
04.02.2027 15:00;4,6349
04.02.2027 16:00;4,904
04.02.2027 17:00;4,5491
04.02.2027 18:00;3,8901
04.02.2027 19:00;3,2019
04.02.2027 20:00;2,7571
04.02.2027 21:00;2,5707
04.02.2027 22:00;2,7229
04.02.2027 23:00;2,5938
05.02.2027 00:00;2,4992
05.02.2027 01:00;2,4849
05.02.2027 02:00;2,3779
05.02.2027 03:00;2,2589
05.02.2027 04:00;2,3967
05.02.2027 05:00;2,3493
05.02.2027 06:00;2,9773
05.02.2027 07:00;3,9532
05.02.2027 08:00;4,539
05.02.2027 09:00;4,7127
05.02.2027 10:00;4,9985
05.02.2027 11:00;4,8104
05.02.2027 12:00;4,3334
05.02.2027 13:00;4,3428
05.02.2027 14:00;4,7916
05.02.2027 15:00;4,7582
05.02.2027 16:00;4,8208
05.02.2027 17:00;4,4158
05.02.2027 18:00;3,7274
05.02.2027 19:00;3,3934
05.02.2027 20:00;2,7993
05.02.2027 21:00;2,8916
05.02.2027 22:00;2,7078
05.02.2027 23:00;2,6787
06.02.2027 00:00;1,9222
06.02.2027 01:00;1,9061
06.02.2027 02:00;1,788
06.02.2027 03:00;1,7903
06.02.2027 04:00;1,8356
06.02.2027 05:00;1,9471
06.02.2027 06:00;2,0241
06.02.2027 07:00;2,3364
06.02.2027 08:00;2,6014
06.02.2027 09:00;2,3808
06.02.2027 10:00;2,3095
06.02.2027 11:00;2,2867
06.02.2027 12:00;2,4339
06.02.2027 13:00;2,3434
06.02.2027 14:00;2,3468
06.02.2027 15:00;2,5192
06.02.2027 16:00;2,4913
06.02.2027 17:00;2,4221
06.02.2027 18:00;2,1952
06.02.2027 19:00;2,1804
06.02.2027 20:00;2,0244
06.02.2027 21:00;1,9468
06.02.2027 22:00;1,9309
06.02.2027 23:00;1,9709
07.02.2027 00:00;1,8949
07.02.2027 01:00;1,9577
07.02.2027 02:00;1,7448
07.02.2027 03:00;1,6671
07.02.2027 04:00;1,8878
07.02.2027 05:00;1,9486
07.02.2027 06:00;1,9857
07.02.2027 07:00;2,2938
07.02.2027 08:00;2,2184
07.02.2027 09:00;2,4202
07.02.2027 10:00;2,4216
07.02.2027 11:00;2,2376
07.02.2027 12:00;2,3083
07.02.2027 13:00;2,2625
07.02.2027 14:00;2,426
07.02.2027 15:00;2,3575
07.02.2027 16:00;2,3398
07.02.2027 17:00;2,3618
07.02.2027 18:00;2,2538
07.02.2027 19:00;2,0529
07.02.2027 20:00;2,2151
07.02.2027 21:00;2,021
07.02.2027 22:00;2,0149
07.02.2027 23:00;2,0219
08.02.2027 00:00;2,4174
08.02.2027 01:00;2,3772
08.02.2027 02:00;2,3594
08.02.2027 03:00;2,4264
08.02.2027 04:00;2,2254
08.02.2027 05:00;2,3897
08.02.2027 06:00;2,8894
08.02.2027 07:00;3,6228
08.02.2027 08:00;4,6247
08.02.2027 09:00;5,1284
08.02.2027 10:00;4,9535
08.02.2027 11:00;4,6594
08.02.2027 12:00;4,3294
08.02.2027 13:00;4,5059
08.02.2027 14:00;4,9219
08.02.2027 15:00;4,8431
08.02.2027 16:00;4,574
08.02.2027 17:00;4,6266
08.02.2027 18:00;3,8049
08.02.2027 19:00;3,1989
08.02.2027 20:00;2,7813
08.02.2027 21:00;2,7332
08.02.2027 22:00;2,6403
08.02.2027 23:00;2,7075
09.02.2027 00:00;2,5226
09.02.2027 01:00;2,3086
09.02.2027 02:00;2,3491
09.02.2027 03:00;2,2851
09.02.2027 04:00;2,3681
09.02.2027 05:00;2,4726
09.02.2027 06:00;2,9362
09.02.2027 07:00;3,7443
09.02.2027 08:00;4,796
09.02.2027 09:00;4,7684
09.02.2027 10:00;4,8771
09.02.2027 11:00;4,9826
09.02.2027 12:00;4,2456
09.02.2027 13:00;4,5269
09.02.2027 14:00;4,912
09.02.2027 15:00;4,8281
09.02.2027 16:00;4,8336
09.02.2027 17:00;4,5179
09.02.2027 18:00;3,6478
09.02.2027 19:00;3,1334
09.02.2027 20:00;2,8525
09.02.2027 21:00;2,6456
09.02.2027 22:00;2,7973
09.02.2027 23:00;2,7113
10.02.2027 00:00;2,3957
10.02.2027 01:00;2,4069
10.02.2027 02:00;2,325
10.02.2027 03:00;2,3133
10.02.2027 04:00;2,3493
10.02.2027 05:00;2,6063
10.02.2027 06:00;3,0038
10.02.2027 07:00;3,8536
10.02.2027 08:00;4,5059
10.02.2027 09:00;4,764
10.02.2027 10:00;4,9996
10.02.2027 11:00;5,0464
10.02.2027 12:00;4,1395
10.02.2027 13:00;4,4282
10.02.2027 14:00;5,2839
10.02.2027 15:00;5,0419
10.02.2027 16:00;4,594
10.02.2027 17:00;4,54
10.02.2027 18:00;3,8016
10.02.2027 19:00;3,3734
10.02.2027 20:00;2,7488
10.02.2027 21:00;2,6564
10.02.2027 22:00;2,7436
10.02.2027 23:00;2,582
11.02.2027 00:00;2,4531
11.02.2027 01:00;2,358
11.02.2027 02:00;2,2537
11.02.2027 03:00;2,4074
11.02.2027 04:00;2,3076
11.02.2027 05:00;2,5134
11.02.2027 06:00;2,9827
11.02.2027 07:00;3,7964
11.02.2027 08:00;4,3701
11.02.2027 09:00;4,7568
11.02.2027 10:00;5,0375
11.02.2027 11:00;4,7076
11.02.2027 12:00;4,3326
11.02.2027 13:00;4,4648
11.02.2027 14:00;4,6612
11.02.2027 15:00;4,9922
11.02.2027 16:00;4,6481
11.02.2027 17:00;4,1469
11.02.2027 18:00;3,7618
11.02.2027 19:00;3,3937
11.02.2027 20:00;2,8484
11.02.2027 21:00;2,7101
11.02.2027 22:00;2,664
11.02.2027 23:00;2,5337
12.02.2027 00:00;2,4861
12.02.2027 01:00;2,3399
12.02.2027 02:00;2,2752
12.02.2027 03:00;2,1489
12.02.2027 04:00;2,4187
12.02.2027 05:00;2,4945
12.02.2027 06:00;3,0841
12.02.2027 07:00;3,8409
12.02.2027 08:00;4,6803
12.02.2027 09:00;4,7174
12.02.2027 10:00;4,9118
12.02.2027 11:00;4,7892
12.02.2027 12:00;4,2972
12.02.2027 13:00;4,5674
12.02.2027 14:00;4,8939
12.02.2027 15:00;4,8418
12.02.2027 16:00;4,5565
12.02.2027 17:00;4,5979
12.02.2027 18:00;3,7072
12.02.2027 19:00;3,2701
12.02.2027 20:00;2,7579
12.02.2027 21:00;2,6742
12.02.2027 22:00;2,6132
12.02.2027 23:00;2,5056
13.02.2027 00:00;1,8897
13.02.2027 01:00;1,739
13.02.2027 02:00;1,7536
13.02.2027 03:00;1,8001
13.02.2027 04:00;1,8154
13.02.2027 05:00;1,9764
13.02.2027 06:00;2,0451
13.02.2027 07:00;2,1405
13.02.2027 08:00;2,3221
13.02.2027 09:00;2,466
13.02.2027 10:00;2,4486
13.02.2027 11:00;2,4428
13.02.2027 12:00;2,4236
13.02.2027 13:00;2,2284
13.02.2027 14:00;2,338
13.02.2027 15:00;2,3892
13.02.2027 16:00;2,484
13.02.2027 17:00;2,2158
13.02.2027 18:00;2,1116
13.02.2027 19:00;2,2576
13.02.2027 20:00;2,0574
13.02.2027 21:00;1,8927
13.02.2027 22:00;1,9644
13.02.2027 23:00;1,9137
14.02.2027 00:00;1,9249
14.02.2027 01:00;1,8043
14.02.2027 02:00;1,873
14.02.2027 03:00;1,7486
14.02.2027 04:00;1,8238
14.02.2027 05:00;1,9783
14.02.2027 06:00;2,0697
14.02.2027 07:00;2,2572
14.02.2027 08:00;2,4223
14.02.2027 09:00;2,3834
14.02.2027 10:00;2,3174
14.02.2027 11:00;2,3629
14.02.2027 12:00;2,2342
14.02.2027 13:00;2,262
14.02.2027 14:00;2,3781
14.02.2027 15:00;2,3373
14.02.2027 16:00;2,4041
14.02.2027 17:00;2,4266
14.02.2027 18:00;2,2291
14.02.2027 19:00;2,1434
14.02.2027 20:00;2,0627
14.02.2027 21:00;2,0776
14.02.2027 22:00;1,9231
14.02.2027 23:00;2,0102
15.02.2027 00:00;2,4929
15.02.2027 01:00;2,461
15.02.2027 02:00;2,2764
15.02.2027 03:00;2,242
15.02.2027 04:00;2,299
15.02.2027 05:00;2,379
15.02.2027 06:00;2,8665
15.02.2027 07:00;3,6484
15.02.2027 08:00;4,55
15.02.2027 09:00;4,8081
15.02.2027 10:00;4,9946
15.02.2027 11:00;4,7937
15.02.2027 12:00;4,3468
15.02.2027 13:00;4,5261
15.02.2027 14:00;4,9855
15.02.2027 15:00;4,8877
15.02.2027 16:00;4,4003
15.02.2027 17:00;4,4484
15.02.2027 18:00;3,9515
15.02.2027 19:00;3,3252
15.02.2027 20:00;2,697
15.02.2027 21:00;2,6973
15.02.2027 22:00;2,6544
15.02.2027 23:00;2,5831
16.02.2027 00:00;2,5067
16.02.2027 01:00;2,3173
16.02.2027 02:00;2,3549
16.02.2027 03:00;2,3142
16.02.2027 04:00;2,2854
16.02.2027 05:00;2,4526
16.02.2027 06:00;2,9423
16.02.2027 07:00;3,7389
16.02.2027 08:00;4,4276
16.02.2027 09:00;4,8881
16.02.2027 10:00;5,1542
16.02.2027 11:00;5,0249
16.02.2027 12:00;4,0088
16.02.2027 13:00;4,2753
16.02.2027 14:00;4,9558
16.02.2027 15:00;4,85
16.02.2027 16:00;4,6291
16.02.2027 17:00;4,5651
16.02.2027 18:00;3,8553
16.02.2027 19:00;3,2368
16.02.2027 20:00;2,7081
16.02.2027 21:00;2,7714
16.02.2027 22:00;2,7105
16.02.2027 23:00;2,606
17.02.2027 00:00;2,3786
17.02.2027 01:00;2,302
17.02.2027 02:00;2,2654
17.02.2027 03:00;2,1475
17.02.2027 04:00;2,4084
17.02.2027 05:00;2,4908
17.02.2027 06:00;2,9432
17.02.2027 07:00;3,6962
17.02.2027 08:00;4,5106
17.02.2027 09:00;4,713
17.02.2027 10:00;5,1532
17.02.2027 11:00;4,8159
17.02.2027 12:00;4,3049
17.02.2027 13:00;4,7355
17.02.2027 14:00;4,8535
17.02.2027 15:00;4,7839
17.02.2027 16:00;4,5505
17.02.2027 17:00;4,2942
17.02.2027 18:00;3,7983
17.02.2027 19:00;3,3514
17.02.2027 20:00;2,9197
17.02.2027 21:00;2,5177
17.02.2027 22:00;2,5577
17.02.2027 23:00;2,628
18.02.2027 00:00;2,5978
18.02.2027 01:00;2,3393
18.02.2027 02:00;2,294
18.02.2027 03:00;2,2882
18.02.2027 04:00;2,3775
18.02.2027 05:00;2,417
18.02.2027 06:00;2,7383
18.02.2027 07:00;3,7133
18.02.2027 08:00;4,4068
18.02.2027 09:00;4,8635
18.02.2027 10:00;5,0831
18.02.2027 11:00;4,791
18.02.2027 12:00;4,0278
18.02.2027 13:00;4,6356
18.02.2027 14:00;4,9595
18.02.2027 15:00;4,733
18.02.2027 16:00;4,503
18.02.2027 17:00;4,1894
18.02.2027 18:00;3,7015
18.02.2027 19:00;3,3081
18.02.2027 20:00;2,8129
18.02.2027 21:00;2,6129
18.02.2027 22:00;2,5344
18.02.2027 23:00;2,6492
19.02.2027 00:00;2,41
19.02.2027 01:00;2,3234
19.02.2027 02:00;2,1309
19.02.2027 03:00;2,2257
19.02.2027 04:00;2,2528
19.02.2027 05:00;2,2837
19.02.2027 06:00;3,0108
19.02.2027 07:00;3,7517
19.02.2027 08:00;4,4482
19.02.2027 09:00;4,875
19.02.2027 10:00;5,2161
19.02.2027 11:00;4,7822
19.02.2027 12:00;4,2536
19.02.2027 13:00;4,488
19.02.2027 14:00;4,8669
19.02.2027 15:00;4,9792
19.02.2027 16:00;4,4191
19.02.2027 17:00;4,3268
19.02.2027 18:00;3,7215
19.02.2027 19:00;3,2813
19.02.2027 20:00;2,727
19.02.2027 21:00;2,7599
19.02.2027 22:00;2,7013
19.02.2027 23:00;2,3766
20.02.2027 00:00;1,858
20.02.2027 01:00;1,8937
20.02.2027 02:00;1,7516
20.02.2027 03:00;1,7916
20.02.2027 04:00;1,788
20.02.2027 05:00;1,8426
20.02.2027 06:00;2,0785
20.02.2027 07:00;2,1799
20.02.2027 08:00;2,3639
20.02.2027 09:00;2,4373
20.02.2027 10:00;2,4161
20.02.2027 11:00;2,3502
20.02.2027 12:00;2,2909
20.02.2027 13:00;2,3363
20.02.2027 14:00;2,3546
20.02.2027 15:00;2,3877
20.02.2027 16:00;2,4678
20.02.2027 17:00;2,4152
20.02.2027 18:00;2,0786
20.02.2027 19:00;2,0411
20.02.2027 20:00;2,097
20.02.2027 21:00;1,9476
20.02.2027 22:00;1,9333
20.02.2027 23:00;1,7949
21.02.2027 00:00;1,8709
21.02.2027 01:00;1,8302
21.02.2027 02:00;1,7144
21.02.2027 03:00;1,6623
21.02.2027 04:00;1,8298
21.02.2027 05:00;1,8869
21.02.2027 06:00;2,0621
21.02.2027 07:00;2,2159
21.02.2027 08:00;2,2635
21.02.2027 09:00;2,3085
21.02.2027 10:00;2,3222
21.02.2027 11:00;2,4066
21.02.2027 12:00;2,3026
21.02.2027 13:00;2,3877
21.02.2027 14:00;2,303
21.02.2027 15:00;2,2824
21.02.2027 16:00;2,3244
21.02.2027 17:00;2,2986
21.02.2027 18:00;2,0451
21.02.2027 19:00;2,0674
21.02.2027 20:00;2,209
21.02.2027 21:00;2,0178
21.02.2027 22:00;1,9984
21.02.2027 23:00;1,8946
22.02.2027 00:00;2,5437
22.02.2027 01:00;2,273
22.02.2027 02:00;2,2743
22.02.2027 03:00;2,3503
22.02.2027 04:00;2,2969
22.02.2027 05:00;2,4192
22.02.2027 06:00;2,8675
22.02.2027 07:00;3,6177
22.02.2027 08:00;4,4911
22.02.2027 09:00;4,9696
22.02.2027 10:00;4,8641
22.02.2027 11:00;4,5521
22.02.2027 12:00;4,1498
22.02.2027 13:00;4,4378
22.02.2027 14:00;4,8279
22.02.2027 15:00;4,7779
22.02.2027 16:00;4,6807
22.02.2027 17:00;4,1957
22.02.2027 18:00;3,6789
22.02.2027 19:00;3,2298
22.02.2027 20:00;2,7608
22.02.2027 21:00;2,645
22.02.2027 22:00;2,5934
22.02.2027 23:00;2,6896
23.02.2027 00:00;2,563
23.02.2027 01:00;2,3809
23.02.2027 02:00;2,374
23.02.2027 03:00;2,2273
23.02.2027 04:00;2,3567
23.02.2027 05:00;2,4156
23.02.2027 06:00;2,8796
23.02.2027 07:00;3,8285
23.02.2027 08:00;4,7756
23.02.2027 09:00;4,5495
23.02.2027 10:00;4,8057
23.02.2027 11:00;4,8675
23.02.2027 12:00;4,3294
23.02.2027 13:00;4,3473
23.02.2027 14:00;4,8077
23.02.2027 15:00;4,4418
23.02.2027 16:00;4,5483
23.02.2027 17:00;4,1978
23.02.2027 18:00;3,7584
23.02.2027 19:00;3,1701
23.02.2027 20:00;2,703
23.02.2027 21:00;2,5859
23.02.2027 22:00;2,6365
23.02.2027 23:00;2,5007
24.02.2027 00:00;2,4233
24.02.2027 01:00;2,3092
24.02.2027 02:00;2,2025
24.02.2027 03:00;2,314
24.02.2027 04:00;2,3635
24.02.2027 05:00;2,4533
24.02.2027 06:00;2,7884
24.02.2027 07:00;3,8782
24.02.2027 08:00;4,4555
24.02.2027 09:00;4,4741
24.02.2027 10:00;5,0644
24.02.2027 11:00;4,945
24.02.2027 12:00;4,3695
24.02.2027 13:00;4,4179
24.02.2027 14:00;4,7917
24.02.2027 15:00;4,7291
24.02.2027 16:00;4,7263
24.02.2027 17:00;4,3813
24.02.2027 18:00;3,5422
24.02.2027 19:00;3,2009
24.02.2027 20:00;2,8665
24.02.2027 21:00;2,7024
24.02.2027 22:00;2,5008
24.02.2027 23:00;2,5133
25.02.2027 00:00;2,3381
25.02.2027 01:00;2,2459
25.02.2027 02:00;2,2332
25.02.2027 03:00;2,2656
25.02.2027 04:00;2,3751
25.02.2027 05:00;2,5384
25.02.2027 06:00;2,8677
25.02.2027 07:00;3,7722
25.02.2027 08:00;4,6925
25.02.2027 09:00;4,5703
25.02.2027 10:00;5,292
25.02.2027 11:00;4,7606
25.02.2027 12:00;4,1421
25.02.2027 13:00;4,1818
25.02.2027 14:00;4,7561
25.02.2027 15:00;4,8386
25.02.2027 16:00;4,5931
25.02.2027 17:00;4,1627
25.02.2027 18:00;3,8444
25.02.2027 19:00;3,2551
25.02.2027 20:00;2,6639
25.02.2027 21:00;2,6102
25.02.2027 22:00;2,5215
25.02.2027 23:00;2,5541
26.02.2027 00:00;2,4614
26.02.2027 01:00;2,2885
26.02.2027 02:00;2,1959
26.02.2027 03:00;2,3495
26.02.2027 04:00;2,3154
26.02.2027 05:00;2,348
26.02.2027 06:00;2,9384
26.02.2027 07:00;3,6892
26.02.2027 08:00;4,6436
26.02.2027 09:00;4,714
26.02.2027 10:00;4,8835
26.02.2027 11:00;5,0102
26.02.2027 12:00;4,2031
26.02.2027 13:00;4,4976
26.02.2027 14:00;4,7602
26.02.2027 15:00;4,8499
26.02.2027 16:00;4,7929
26.02.2027 17:00;4,293
26.02.2027 18:00;3,8335
26.02.2027 19:00;3,0928
26.02.2027 20:00;2,5543
26.02.2027 21:00;2,6753
26.02.2027 22:00;2,63
26.02.2027 23:00;2,5541
27.02.2027 00:00;1,8721
27.02.2027 01:00;1,8083
27.02.2027 02:00;1,7396
27.02.2027 03:00;1,7432
27.02.2027 04:00;1,7221
27.02.2027 05:00;1,9069
27.02.2027 06:00;1,8854
27.02.2027 07:00;2,0909
27.02.2027 08:00;2,3185
27.02.2027 09:00;2,4216
27.02.2027 10:00;2,3727
27.02.2027 11:00;2,3468
27.02.2027 12:00;2,1553
27.02.2027 13:00;2,298
27.02.2027 14:00;2,3113
27.02.2027 15:00;2,2026
27.02.2027 16:00;2,3652
27.02.2027 17:00;2,3578
27.02.2027 18:00;2,082
27.02.2027 19:00;2,002
27.02.2027 20:00;1,9802
27.02.2027 21:00;1,8722
27.02.2027 22:00;1,8931
27.02.2027 23:00;1,7393
28.02.2027 00:00;1,926
28.02.2027 01:00;1,7364
28.02.2027 02:00;1,7763
28.02.2027 03:00;1,6696
28.02.2027 04:00;1,799
28.02.2027 05:00;1,824
28.02.2027 06:00;2,0053
28.02.2027 07:00;2,1234
28.02.2027 08:00;2,2613
28.02.2027 09:00;2,3717
28.02.2027 10:00;2,3563
28.02.2027 11:00;2,1776
28.02.2027 12:00;2,2203
28.02.2027 13:00;2,2125
28.02.2027 14:00;2,3029
28.02.2027 15:00;2,3273
28.02.2027 16:00;2,2667
28.02.2027 17:00;2,252
28.02.2027 18:00;2,1205
28.02.2027 19:00;2,0325
28.02.2027 20:00;2,0448
28.02.2027 21:00;2,0144
28.02.2027 22:00;1,8899
28.02.2027 23:00;1,9368
01.03.2027 00:00;2,4718
01.03.2027 01:00;2,2839
01.03.2027 02:00;2,3293
01.03.2027 03:00;2,3639
01.03.2027 04:00;2,3156
01.03.2027 05:00;2,4035
01.03.2027 06:00;2,7511
01.03.2027 07:00;3,8327
01.03.2027 08:00;4,3421
01.03.2027 09:00;4,7373
01.03.2027 10:00;4,809
01.03.2027 11:00;4,8238
01.03.2027 12:00;4,1847
01.03.2027 13:00;4,372
01.03.2027 14:00;4,5022
01.03.2027 15:00;4,7075
01.03.2027 16:00;4,3946
01.03.2027 17:00;4,0877
01.03.2027 18:00;3,5021
01.03.2027 19:00;3,1408
01.03.2027 20:00;2,6769
01.03.2027 21:00;2,5129
01.03.2027 22:00;2,4582
01.03.2027 23:00;2,4941
02.03.2027 00:00;2,4486
02.03.2027 01:00;2,2912
02.03.2027 02:00;2,181
02.03.2027 03:00;2,1406
02.03.2027 04:00;2,3307
02.03.2027 05:00;2,518
02.03.2027 06:00;3,0922
02.03.2027 07:00;3,6674
02.03.2027 08:00;4,4391
02.03.2027 09:00;4,4859
02.03.2027 10:00;5,0176
02.03.2027 11:00;4,6698
02.03.2027 12:00;4,1468
02.03.2027 13:00;4,5187
02.03.2027 14:00;4,4375
02.03.2027 15:00;4,8093
02.03.2027 16:00;4,6352
02.03.2027 17:00;4,3853
02.03.2027 18:00;3,6603
02.03.2027 19:00;3,0868
02.03.2027 20:00;2,8108
02.03.2027 21:00;2,6482
02.03.2027 22:00;2,5502
02.03.2027 23:00;2,5832
03.03.2027 00:00;2,4661
03.03.2027 01:00;2,1996
03.03.2027 02:00;2,2442
03.03.2027 03:00;2,2679
03.03.2027 04:00;2,2108
03.03.2027 05:00;2,4824
03.03.2027 06:00;2,7839
03.03.2027 07:00;3,8872
03.03.2027 08:00;4,2757
03.03.2027 09:00;4,8312
03.03.2027 10:00;4,9369
03.03.2027 11:00;4,926
03.03.2027 12:00;4,0527
03.03.2027 13:00;4,2268
03.03.2027 14:00;4,6232
03.03.2027 15:00;4,5334
03.03.2027 16:00;4,6916
03.03.2027 17:00;4,2206
03.03.2027 18:00;3,6412
03.03.2027 19:00;3,1457
03.03.2027 20:00;2,6858
03.03.2027 21:00;2,665
03.03.2027 22:00;2,5358
03.03.2027 23:00;2,6161
04.03.2027 00:00;2,4077
04.03.2027 01:00;2,2503
04.03.2027 02:00;2,124
04.03.2027 03:00;2,217
04.03.2027 04:00;2,3254
04.03.2027 05:00;2,4311
04.03.2027 06:00;2,9386
04.03.2027 07:00;3,5641
04.03.2027 08:00;4,2567
04.03.2027 09:00;4,5891
04.03.2027 10:00;4,9028
04.03.2027 11:00;4,6006
04.03.2027 12:00;3,9893
04.03.2027 13:00;4,4085
04.03.2027 14:00;4,5705
04.03.2027 15:00;4,7299
04.03.2027 16:00;4,5106
04.03.2027 17:00;4,432
04.03.2027 18:00;3,7131
04.03.2027 19:00;3,0918
04.03.2027 20:00;2,5464
04.03.2027 21:00;2,757
04.03.2027 22:00;2,5113
04.03.2027 23:00;2,411
05.03.2027 00:00;2,4579
05.03.2027 01:00;2,2366
05.03.2027 02:00;2,1766
05.03.2027 03:00;2,2631
05.03.2027 04:00;2,3045
05.03.2027 05:00;2,3892
05.03.2027 06:00;2,9698
05.03.2027 07:00;3,5948
05.03.2027 08:00;4,4656
05.03.2027 09:00;4,5773
05.03.2027 10:00;4,9164
05.03.2027 11:00;4,4924
05.03.2027 12:00;4,0496
05.03.2027 13:00;4,1613
05.03.2027 14:00;4,7237
05.03.2027 15:00;4,6192
05.03.2027 16:00;4,9317
05.03.2027 17:00;4,0486
05.03.2027 18:00;3,5303
05.03.2027 19:00;2,9056
05.03.2027 20:00;2,7573
05.03.2027 21:00;2,5049
05.03.2027 22:00;2,5361
05.03.2027 23:00;2,4766
06.03.2027 00:00;1,9495
06.03.2027 01:00;1,6845
06.03.2027 02:00;1,6875
06.03.2027 03:00;1,625
06.03.2027 04:00;1,6744
06.03.2027 05:00;1,8348
06.03.2027 06:00;1,9031
06.03.2027 07:00;2,0045
06.03.2027 08:00;2,3076
06.03.2027 09:00;2,399
06.03.2027 10:00;2,2215
06.03.2027 11:00;2,1323
06.03.2027 12:00;2,2824
06.03.2027 13:00;2,0795
06.03.2027 14:00;2,3118
06.03.2027 15:00;2,4479
06.03.2027 16:00;2,4147
06.03.2027 17:00;2,1863
06.03.2027 18:00;2,1516
06.03.2027 19:00;2,1255
06.03.2027 20:00;1,9328
06.03.2027 21:00;1,7718
06.03.2027 22:00;1,7332
06.03.2027 23:00;1,944
07.03.2027 00:00;1,7108
07.03.2027 01:00;1,7689
07.03.2027 02:00;1,6751
07.03.2027 03:00;1,8027
07.03.2027 04:00;1,8155
07.03.2027 05:00;1,9452
07.03.2027 06:00;1,9254
07.03.2027 07:00;2,1788
07.03.2027 08:00;2,3215
07.03.2027 09:00;2,363
07.03.2027 10:00;2,2443
07.03.2027 11:00;2,1901
07.03.2027 12:00;2,2489
07.03.2027 13:00;2,2724
07.03.2027 14:00;2,2786
07.03.2027 15:00;2,3067
07.03.2027 16:00;2,4708
07.03.2027 17:00;2,3126
07.03.2027 18:00;2,0543
07.03.2027 19:00;2,047
07.03.2027 20:00;1,9906
07.03.2027 21:00;1,8718
07.03.2027 22:00;1,7665
07.03.2027 23:00;1,9195
08.03.2027 00:00;2,2542
08.03.2027 01:00;2,1779
08.03.2027 02:00;2,1874
08.03.2027 03:00;2,2717
08.03.2027 04:00;2,2219
08.03.2027 05:00;2,3676
08.03.2027 06:00;2,656
08.03.2027 07:00;3,5231
08.03.2027 08:00;4,5499
08.03.2027 09:00;4,6714
08.03.2027 10:00;4,8122
08.03.2027 11:00;4,7227
08.03.2027 12:00;4,0763
08.03.2027 13:00;4,2778
08.03.2027 14:00;4,561
08.03.2027 15:00;4,8459
08.03.2027 16:00;4,3441
08.03.2027 17:00;4,1618
08.03.2027 18:00;3,8345
08.03.2027 19:00;3,0809
08.03.2027 20:00;2,6023
08.03.2027 21:00;2,6521
08.03.2027 22:00;2,4419
08.03.2027 23:00;2,4092
09.03.2027 00:00;2,3704
09.03.2027 01:00;2,2498
09.03.2027 02:00;2,2263
09.03.2027 03:00;2,1291
09.03.2027 04:00;2,2773
09.03.2027 05:00;2,4827
09.03.2027 06:00;2,7717
09.03.2027 07:00;3,5109
09.03.2027 08:00;4,4204
09.03.2027 09:00;4,7861
09.03.2027 10:00;4,662
09.03.2027 11:00;4,5378
09.03.2027 12:00;3,9994
09.03.2027 13:00;4,4763
09.03.2027 14:00;4,6827
09.03.2027 15:00;4,6408
09.03.2027 16:00;4,6922
09.03.2027 17:00;4,2035
09.03.2027 18:00;3,6282
09.03.2027 19:00;3,3542
09.03.2027 20:00;2,6697
09.03.2027 21:00;2,6284
09.03.2027 22:00;2,5666
09.03.2027 23:00;2,4942
10.03.2027 00:00;2,2842
10.03.2027 01:00;2,3962
10.03.2027 02:00;2,0951
10.03.2027 03:00;2,1019
10.03.2027 04:00;2,2567
10.03.2027 05:00;2,3385
10.03.2027 06:00;2,7958
10.03.2027 07:00;3,7417
10.03.2027 08:00;4,2935
10.03.2027 09:00;4,5817
10.03.2027 10:00;5,1081
10.03.2027 11:00;4,5532
10.03.2027 12:00;4,0352
10.03.2027 13:00;4,2901
10.03.2027 14:00;4,467
10.03.2027 15:00;4,7308
10.03.2027 16:00;4,6163
10.03.2027 17:00;4,2977
10.03.2027 18:00;3,557
10.03.2027 19:00;3,1704
10.03.2027 20:00;2,6018
10.03.2027 21:00;2,5694
10.03.2027 22:00;2,4363
10.03.2027 23:00;2,4329
11.03.2027 00:00;2,3738
11.03.2027 01:00;2,0936
11.03.2027 02:00;2,2169
11.03.2027 03:00;2,0934
11.03.2027 04:00;2,1552
11.03.2027 05:00;2,4213
11.03.2027 06:00;2,7298
11.03.2027 07:00;3,2487
11.03.2027 08:00;4,2988
11.03.2027 09:00;4,7836
11.03.2027 10:00;4,8986
11.03.2027 11:00;4,6232
11.03.2027 12:00;3,8267
11.03.2027 13:00;4,302
11.03.2027 14:00;4,4931
11.03.2027 15:00;4,3348
11.03.2027 16:00;4,2416
11.03.2027 17:00;4,2538
11.03.2027 18:00;3,7271
11.03.2027 19:00;3,0555
11.03.2027 20:00;2,4812
11.03.2027 21:00;2,6105
11.03.2027 22:00;2,5461
11.03.2027 23:00;2,4767
12.03.2027 00:00;2,3508
12.03.2027 01:00;2,244
12.03.2027 02:00;2,1401
12.03.2027 03:00;2,2286
12.03.2027 04:00;2,2398
12.03.2027 05:00;2,4296
12.03.2027 06:00;2,8042
12.03.2027 07:00;3,5711
12.03.2027 08:00;4,5297
12.03.2027 09:00;4,7133
12.03.2027 10:00;4,8846
12.03.2027 11:00;4,3144
12.03.2027 12:00;4,0724
12.03.2027 13:00;4,3825
12.03.2027 14:00;4,7437
12.03.2027 15:00;4,5127
12.03.2027 16:00;4,5763
12.03.2027 17:00;4,0845
12.03.2027 18:00;3,6415
12.03.2027 19:00;2,9057
12.03.2027 20:00;2,6892
12.03.2027 21:00;2,4522
12.03.2027 22:00;2,4696
12.03.2027 23:00;2,612
13.03.2027 00:00;1,8234
13.03.2027 01:00;1,7518
13.03.2027 02:00;1,6649
13.03.2027 03:00;1,6727
13.03.2027 04:00;1,7886
13.03.2027 05:00;1,8666
13.03.2027 06:00;1,906
13.03.2027 07:00;2,0029
13.03.2027 08:00;2,2387
13.03.2027 09:00;2,3029
13.03.2027 10:00;2,2956
13.03.2027 11:00;2,2507
13.03.2027 12:00;2,1943
13.03.2027 13:00;2,1239
13.03.2027 14:00;2,1787
13.03.2027 15:00;2,2371
13.03.2027 16:00;2,3243
13.03.2027 17:00;2,2407
13.03.2027 18:00;2,1014
13.03.2027 19:00;1,9264
13.03.2027 20:00;2,0108
13.03.2027 21:00;1,9855
13.03.2027 22:00;1,8196
13.03.2027 23:00;1,6486
14.03.2027 00:00;1,8722
14.03.2027 01:00;1,7193
14.03.2027 02:00;1,6713
14.03.2027 03:00;1,7344
14.03.2027 04:00;1,7551
14.03.2027 05:00;1,8942
14.03.2027 06:00;1,9052
14.03.2027 07:00;2,1107
14.03.2027 08:00;2,2379
14.03.2027 09:00;2,3052
14.03.2027 10:00;2,1259
14.03.2027 11:00;2,293
14.03.2027 12:00;2,2264
14.03.2027 13:00;2,1344
14.03.2027 14:00;2,1238
14.03.2027 15:00;2,2567
14.03.2027 16:00;2,3848
14.03.2027 17:00;2,2518
14.03.2027 18:00;2,1724
14.03.2027 19:00;2,0842
14.03.2027 20:00;1,9355
14.03.2027 21:00;1,8227
14.03.2027 22:00;1,8056
14.03.2027 23:00;1,7374
15.03.2027 00:00;2,3227
15.03.2027 01:00;2,2168
15.03.2027 02:00;2,1238
15.03.2027 03:00;2,2511
15.03.2027 04:00;2,2761
15.03.2027 05:00;2,3446
15.03.2027 06:00;2,7984
15.03.2027 07:00;3,5696
15.03.2027 08:00;4,0381
15.03.2027 09:00;4,4647
15.03.2027 10:00;4,7784
15.03.2027 11:00;4,6975
15.03.2027 12:00;3,834
15.03.2027 13:00;4,3346
15.03.2027 14:00;4,5683
15.03.2027 15:00;4,5566
15.03.2027 16:00;4,3425
15.03.2027 17:00;4,3359
15.03.2027 18:00;3,541
15.03.2027 19:00;2,9874
15.03.2027 20:00;2,7077
15.03.2027 21:00;2,52
15.03.2027 22:00;2,4272
15.03.2027 23:00;2,4162
16.03.2027 00:00;2,3931
16.03.2027 01:00;2,1165
16.03.2027 02:00;2,168
16.03.2027 03:00;2,0776
16.03.2027 04:00;2,2382
16.03.2027 05:00;2,4888
16.03.2027 06:00;2,7488
16.03.2027 07:00;3,6079
16.03.2027 08:00;4,3446
16.03.2027 09:00;4,8349
16.03.2027 10:00;4,6347
16.03.2027 11:00;4,6197
16.03.2027 12:00;3,9673
16.03.2027 13:00;4,0669
16.03.2027 14:00;4,451
16.03.2027 15:00;4,6312
16.03.2027 16:00;4,3078
16.03.2027 17:00;4,2567
16.03.2027 18:00;3,7144
16.03.2027 19:00;3,0221
16.03.2027 20:00;2,6187
16.03.2027 21:00;2,5305
16.03.2027 22:00;2,4144
16.03.2027 23:00;2,3588
17.03.2027 00:00;2,3897
17.03.2027 01:00;2,2098
17.03.2027 02:00;2,1246
17.03.2027 03:00;2,1335
17.03.2027 04:00;2,2136
17.03.2027 05:00;2,2985
17.03.2027 06:00;2,6791
17.03.2027 07:00;3,6493
17.03.2027 08:00;4,2541
17.03.2027 09:00;4,5433
17.03.2027 10:00;4,5108
17.03.2027 11:00;4,6804
17.03.2027 12:00;4,0933
17.03.2027 13:00;4,4303
17.03.2027 14:00;4,5455
17.03.2027 15:00;4,4817
17.03.2027 16:00;4,3626
17.03.2027 17:00;4,0595
17.03.2027 18:00;3,7835
17.03.2027 19:00;3,0331
17.03.2027 20:00;2,576
17.03.2027 21:00;2,509
17.03.2027 22:00;2,3487
17.03.2027 23:00;2,5536
18.03.2027 00:00;2,4129
18.03.2027 01:00;2,0461
18.03.2027 02:00;2,1013
18.03.2027 03:00;2,1723
18.03.2027 04:00;2,1837
18.03.2027 05:00;2,3377
18.03.2027 06:00;2,7019
18.03.2027 07:00;3,53
18.03.2027 08:00;4,1632
18.03.2027 09:00;4,6385
18.03.2027 10:00;4,7426
18.03.2027 11:00;4,2767
18.03.2027 12:00;3,9205
18.03.2027 13:00;4,2605
18.03.2027 14:00;4,441
18.03.2027 15:00;4,4312
18.03.2027 16:00;4,4385
18.03.2027 17:00;4,0825
18.03.2027 18:00;3,5296
18.03.2027 19:00;3,0821
18.03.2027 20:00;2,5232
18.03.2027 21:00;2,4994
18.03.2027 22:00;2,4389
18.03.2027 23:00;2,4085
19.03.2027 00:00;2,4088
19.03.2027 01:00;2,1601
19.03.2027 02:00;2,1671
19.03.2027 03:00;2,1552
19.03.2027 04:00;2,2345
19.03.2027 05:00;2,3788
19.03.2027 06:00;2,8089
19.03.2027 07:00;3,7124
19.03.2027 08:00;4,159
19.03.2027 09:00;4,5295
19.03.2027 10:00;4,74
19.03.2027 11:00;4,5495
19.03.2027 12:00;3,8165
19.03.2027 13:00;4,136
19.03.2027 14:00;4,3187
19.03.2027 15:00;4,4727
19.03.2027 16:00;4,5177
19.03.2027 17:00;4,279
19.03.2027 18:00;3,5468
19.03.2027 19:00;3,0497
19.03.2027 20:00;2,6483
19.03.2027 21:00;2,4206
19.03.2027 22:00;2,3694
19.03.2027 23:00;2,485
20.03.2027 00:00;1,6949
20.03.2027 01:00;1,6106
20.03.2027 02:00;1,7439
20.03.2027 03:00;1,6336
20.03.2027 04:00;1,637
20.03.2027 05:00;1,8084
20.03.2027 06:00;1,8269
20.03.2027 07:00;2,2356
20.03.2027 08:00;2,1037
20.03.2027 09:00;2,2227
20.03.2027 10:00;2,1273
20.03.2027 11:00;2,2275
20.03.2027 12:00;2,2065
20.03.2027 13:00;2,0946
20.03.2027 14:00;2,1057
20.03.2027 15:00;2,2357
20.03.2027 16:00;2,1351
20.03.2027 17:00;2,1083
20.03.2027 18:00;1,9127
20.03.2027 19:00;1,9673
20.03.2027 20:00;1,9971
20.03.2027 21:00;1,9263
20.03.2027 22:00;1,8091
20.03.2027 23:00;1,8203
21.03.2027 00:00;1,7718
21.03.2027 01:00;1,648
21.03.2027 02:00;1,6734
21.03.2027 03:00;1,5803
21.03.2027 04:00;1,6961
21.03.2027 05:00;1,7705
21.03.2027 06:00;1,8648
21.03.2027 07:00;2,09
21.03.2027 08:00;2,1368
21.03.2027 09:00;2,3421
21.03.2027 10:00;2,2783
21.03.2027 11:00;2,3539
21.03.2027 12:00;2,1028
21.03.2027 13:00;2,1303
21.03.2027 14:00;2,2323
21.03.2027 15:00;2,2489
21.03.2027 16:00;2,1209
21.03.2027 17:00;2,1678
21.03.2027 18:00;1,9795
21.03.2027 19:00;2,0094
21.03.2027 20:00;1,9886
21.03.2027 21:00;1,8493
21.03.2027 22:00;1,7916
21.03.2027 23:00;1,8
22.03.2027 00:00;2,3379
22.03.2027 01:00;2,0618
22.03.2027 02:00;2,1287
22.03.2027 03:00;2,2301
22.03.2027 04:00;2,198
22.03.2027 05:00;2,3576
22.03.2027 06:00;2,8422
22.03.2027 07:00;3,6835
22.03.2027 08:00;4,1865
22.03.2027 09:00;4,2804
22.03.2027 10:00;4,7156
22.03.2027 11:00;4,4509
22.03.2027 12:00;3,9509
22.03.2027 13:00;4,0306
22.03.2027 14:00;4,4544
22.03.2027 15:00;4,3766
22.03.2027 16:00;4,4058
22.03.2027 17:00;4,0718
22.03.2027 18:00;3,4092
22.03.2027 19:00;3,0315
22.03.2027 20:00;2,4564
22.03.2027 21:00;2,5533
22.03.2027 22:00;2,4315
22.03.2027 23:00;2,3638
23.03.2027 00:00;2,2987
23.03.2027 01:00;2,2481
23.03.2027 02:00;2,0798
23.03.2027 03:00;2,1285
23.03.2027 04:00;2,2036
23.03.2027 05:00;2,3034
23.03.2027 06:00;2,5587
23.03.2027 07:00;3,5326
23.03.2027 08:00;4,3556
23.03.2027 09:00;4,2524
23.03.2027 10:00;4,6826
23.03.2027 11:00;4,3785
23.03.2027 12:00;3,8543
23.03.2027 13:00;4,2776
23.03.2027 14:00;4,3677
23.03.2027 15:00;4,5402
23.03.2027 16:00;4,2233
23.03.2027 17:00;3,9597
23.03.2027 18:00;3,753
23.03.2027 19:00;3,0457
23.03.2027 20:00;2,6167
23.03.2027 21:00;2,4735
23.03.2027 22:00;2,4257
23.03.2027 23:00;2,3562
24.03.2027 00:00;2,2723
24.03.2027 01:00;2,0866
24.03.2027 02:00;2,1842
24.03.2027 03:00;2,1513
24.03.2027 04:00;2,1769
24.03.2027 05:00;2,3275
24.03.2027 06:00;2,612
24.03.2027 07:00;3,1766
24.03.2027 08:00;4,3348
24.03.2027 09:00;4,3761
24.03.2027 10:00;4,7073
24.03.2027 11:00;4,4037
24.03.2027 12:00;3,954
24.03.2027 13:00;4,0356
24.03.2027 14:00;4,1486
24.03.2027 15:00;4,2373
24.03.2027 16:00;4,3212
24.03.2027 17:00;3,9116
24.03.2027 18:00;3,3702
24.03.2027 19:00;3,0798
24.03.2027 20:00;2,601
24.03.2027 21:00;2,4299
24.03.2027 22:00;2,3781
24.03.2027 23:00;2,3562
25.03.2027 00:00;2,1726
25.03.2027 01:00;2,1596
25.03.2027 02:00;2,0222
25.03.2027 03:00;2,0855
25.03.2027 04:00;2,1515
25.03.2027 05:00;2,2484
25.03.2027 06:00;2,5252
25.03.2027 07:00;3,6054
25.03.2027 08:00;4,1331
25.03.2027 09:00;4,2688
25.03.2027 10:00;4,5174
25.03.2027 11:00;4,4699
25.03.2027 12:00;3,9781
25.03.2027 13:00;4,2893
25.03.2027 14:00;4,3659
25.03.2027 15:00;4,3264
25.03.2027 16:00;4,2755
25.03.2027 17:00;4,1346
25.03.2027 18:00;3,5496
25.03.2027 19:00;3,0027
25.03.2027 20:00;2,5601
25.03.2027 21:00;2,5545
25.03.2027 22:00;2,3611
25.03.2027 23:00;2,331
26.03.2027 00:00;2,226
26.03.2027 01:00;2,1346
26.03.2027 02:00;2,0737
26.03.2027 03:00;2,1176
26.03.2027 04:00;2,0977
26.03.2027 05:00;2,3244
26.03.2027 06:00;2,6488
26.03.2027 07:00;3,2783
26.03.2027 08:00;3,99
26.03.2027 09:00;4,5047
26.03.2027 10:00;4,4812
26.03.2027 11:00;4,0902
26.03.2027 12:00;3,9
26.03.2027 13:00;4,0706
26.03.2027 14:00;4,6636
26.03.2027 15:00;4,6633
26.03.2027 16:00;4,48
26.03.2027 17:00;3,9507
26.03.2027 18:00;3,4987
26.03.2027 19:00;2,8658
26.03.2027 20:00;2,4909
26.03.2027 21:00;2,3693
26.03.2027 22:00;2,4415
26.03.2027 23:00;2,2622
27.03.2027 00:00;1,7433
27.03.2027 01:00;1,6167
27.03.2027 02:00;1,6238
27.03.2027 03:00;1,5437
27.03.2027 04:00;1,7093
27.03.2027 05:00;1,7615
27.03.2027 06:00;1,9708
27.03.2027 07:00;2,0463
27.03.2027 08:00;2,0378
27.03.2027 09:00;2,2932
27.03.2027 10:00;2,276
27.03.2027 11:00;2,1656
27.03.2027 12:00;2,1641
27.03.2027 13:00;2,1145
27.03.2027 14:00;2,1073
27.03.2027 15:00;2,1874
27.03.2027 16:00;2,2081
27.03.2027 17:00;2,1648
27.03.2027 18:00;1,9161
27.03.2027 19:00;1,872
27.03.2027 20:00;1,799
27.03.2027 21:00;1,9086
27.03.2027 22:00;1,7705
27.03.2027 23:00;1,7336
28.03.2027 00:00;1,6257
28.03.2027 01:00;1,6391
28.03.2027 03:00;1,6007
28.03.2027 04:00;1,6555
28.03.2027 05:00;1,7878
28.03.2027 06:00;1,9222
28.03.2027 07:00;1,9128
28.03.2027 08:00;2,0689
28.03.2027 09:00;2,2809
28.03.2027 10:00;2,1255
28.03.2027 11:00;2,167
28.03.2027 12:00;2,1115
28.03.2027 13:00;2,0832
28.03.2027 14:00;2,2185
28.03.2027 15:00;2,1806
28.03.2027 16:00;2,2605
28.03.2027 17:00;1,9922
28.03.2027 18:00;1,9373
28.03.2027 19:00;1,9306
28.03.2027 20:00;1,8821
28.03.2027 21:00;1,8685
28.03.2027 22:00;1,7822
28.03.2027 23:00;1,7328
29.03.2027 00:00;2,2701
29.03.2027 01:00;1,9836
29.03.2027 02:00;1,9481
29.03.2027 03:00;2,0766
29.03.2027 04:00;2,1952
29.03.2027 05:00;2,3106
29.03.2027 06:00;2,7432
29.03.2027 07:00;3,5338
29.03.2027 08:00;4,015
29.03.2027 09:00;4,5016
29.03.2027 10:00;4,3555
29.03.2027 11:00;4,1878
29.03.2027 12:00;3,9647
29.03.2027 13:00;4,1835
29.03.2027 14:00;4,2517
29.03.2027 15:00;4,3207
29.03.2027 16:00;4,2926
29.03.2027 17:00;3,8518
29.03.2027 18:00;3,3016
29.03.2027 19:00;3,1122
29.03.2027 20:00;2,646
29.03.2027 21:00;2,4229
29.03.2027 22:00;2,5049
29.03.2027 23:00;2,3657
30.03.2027 00:00;2,2555
30.03.2027 01:00;2,1024
30.03.2027 02:00;2,0442
30.03.2027 03:00;2,0086
30.03.2027 04:00;2,1133
30.03.2027 05:00;2,367
30.03.2027 06:00;2,7277
30.03.2027 07:00;3,5347
30.03.2027 08:00;4,2518
30.03.2027 09:00;4,3975
30.03.2027 10:00;4,8232
30.03.2027 11:00;4,4373
30.03.2027 12:00;3,8796
30.03.2027 13:00;4,0908
30.03.2027 14:00;4,2985
30.03.2027 15:00;4,675
30.03.2027 16:00;4,2121
30.03.2027 17:00;3,8465
30.03.2027 18:00;3,5309
30.03.2027 19:00;2,9268
30.03.2027 20:00;2,6417
30.03.2027 21:00;2,4304
30.03.2027 22:00;2,3193
30.03.2027 23:00;2,4475
31.03.2027 00:00;2,3068
31.03.2027 01:00;2,0925
31.03.2027 02:00;2,1438
31.03.2027 03:00;2,064
31.03.2027 04:00;2,2324
31.03.2027 05:00;2,1984
31.03.2027 06:00;2,6648
31.03.2027 07:00;3,4955
31.03.2027 08:00;4,0386
31.03.2027 09:00;4,5168
31.03.2027 10:00;4,5844
31.03.2027 11:00;4,3991
31.03.2027 12:00;3,9486
31.03.2027 13:00;4,0316
31.03.2027 14:00;4,3706
31.03.2027 15:00;4,3107
31.03.2027 16:00;4,2463
31.03.2027 17:00;4,1837
31.03.2027 18:00;3,2076
31.03.2027 19:00;2,9158
31.03.2027 20:00;2,5489
31.03.2027 21:00;2,4221
31.03.2027 22:00;2,3745
31.03.2027 23:00;2,2838
01.04.2027 00:00;2,1788
01.04.2027 01:00;2,0401
01.04.2027 02:00;2,0818
01.04.2027 03:00;2,157
01.04.2027 04:00;2,0976
01.04.2027 05:00;2,1136
01.04.2027 06:00;2,4877
01.04.2027 07:00;3,3756
01.04.2027 08:00;4,1157
01.04.2027 09:00;4,4305
01.04.2027 10:00;4,7175
01.04.2027 11:00;4,3472
01.04.2027 12:00;4,0813
01.04.2027 13:00;4,1297
01.04.2027 14:00;4,1569
01.04.2027 15:00;4,3287
01.04.2027 16:00;4,1296
01.04.2027 17:00;3,8866
01.04.2027 18:00;3,2519
01.04.2027 19:00;2,9616
01.04.2027 20:00;2,5516
01.04.2027 21:00;2,4412
01.04.2027 22:00;2,3528
01.04.2027 23:00;2,349
02.04.2027 00:00;2,222
02.04.2027 01:00;2,0848
02.04.2027 02:00;2,1703
02.04.2027 03:00;2,0105
02.04.2027 04:00;2,1175
02.04.2027 05:00;2,2641
02.04.2027 06:00;2,6502
02.04.2027 07:00;3,4315
02.04.2027 08:00;4,0246
02.04.2027 09:00;4,3692
02.04.2027 10:00;4,3823
02.04.2027 11:00;4,2502
02.04.2027 12:00;3,8009
02.04.2027 13:00;3,8398
02.04.2027 14:00;4,4819
02.04.2027 15:00;4,4079
02.04.2027 16:00;4,2587
02.04.2027 17:00;3,8287
02.04.2027 18:00;3,3008
02.04.2027 19:00;2,8854
02.04.2027 20:00;2,5256
02.04.2027 21:00;2,367
02.04.2027 22:00;2,3797
02.04.2027 23:00;2,336
03.04.2027 00:00;1,678
03.04.2027 01:00;1,5723
03.04.2027 02:00;1,5956
03.04.2027 03:00;1,4947
03.04.2027 04:00;1,5535
03.04.2027 05:00;1,6987
03.04.2027 06:00;1,9147
03.04.2027 07:00;1,881
03.04.2027 08:00;2,0369
03.04.2027 09:00;2,0795
03.04.2027 10:00;2,1311
03.04.2027 11:00;2,0252
03.04.2027 12:00;2,0674
03.04.2027 13:00;2,0753
03.04.2027 14:00;2,1379
03.04.2027 15:00;2,2425
03.04.2027 16:00;2,0618
03.04.2027 17:00;2,0768
03.04.2027 18:00;1,9906
03.04.2027 19:00;1,8237
03.04.2027 20:00;1,797
03.04.2027 21:00;1,7682
03.04.2027 22:00;1,8334
03.04.2027 23:00;1,638
04.04.2027 00:00;1,641
04.04.2027 01:00;1,6686
04.04.2027 02:00;1,5316
04.04.2027 03:00;1,575
04.04.2027 04:00;1,5939
04.04.2027 05:00;1,6874
04.04.2027 06:00;1,8943
04.04.2027 07:00;1,9247
04.04.2027 08:00;2,1019
04.04.2027 09:00;2,1632
04.04.2027 10:00;2,078
04.04.2027 11:00;2,2321
04.04.2027 12:00;1,9907
04.04.2027 13:00;2,0357
04.04.2027 14:00;1,9678
04.04.2027 15:00;2,171
04.04.2027 16:00;2,0692
04.04.2027 17:00;2,0991
04.04.2027 18:00;2,0097
04.04.2027 19:00;1,8579
04.04.2027 20:00;1,9028
04.04.2027 21:00;1,8056
04.04.2027 22:00;1,7016
04.04.2027 23:00;1,6677
05.04.2027 00:00;2,2141
05.04.2027 01:00;2,1543
05.04.2027 02:00;1,994
05.04.2027 03:00;1,8679
05.04.2027 04:00;2,1432
05.04.2027 05:00;2,2442
05.04.2027 06:00;2,5509
05.04.2027 07:00;3,4611
05.04.2027 08:00;4,2131
05.04.2027 09:00;3,9955
05.04.2027 10:00;4,1832
05.04.2027 11:00;4,2375
05.04.2027 12:00;3,7377
05.04.2027 13:00;3,9357
05.04.2027 14:00;4,2255
05.04.2027 15:00;4,2785
05.04.2027 16:00;4,0105
05.04.2027 17:00;3,8313
05.04.2027 18:00;3,4967
05.04.2027 19:00;2,8449
05.04.2027 20:00;2,4472
05.04.2027 21:00;2,3908
05.04.2027 22:00;2,274
05.04.2027 23:00;2,2443
06.04.2027 00:00;2,1468
06.04.2027 01:00;1,9965
06.04.2027 02:00;2,0665
06.04.2027 03:00;2,1658
06.04.2027 04:00;2,04
06.04.2027 05:00;2,274
06.04.2027 06:00;2,5692
06.04.2027 07:00;3,2956
06.04.2027 08:00;3,8688
06.04.2027 09:00;4,2708
06.04.2027 10:00;4,3111
06.04.2027 11:00;4,4225
06.04.2027 12:00;3,6987
06.04.2027 13:00;4,1795
06.04.2027 14:00;4,2791
06.04.2027 15:00;4,1135
06.04.2027 16:00;4,0587
06.04.2027 17:00;4,0328
06.04.2027 18:00;3,3582
06.04.2027 19:00;2,7537
06.04.2027 20:00;2,4924
06.04.2027 21:00;2,4022
06.04.2027 22:00;2,3699
06.04.2027 23:00;2,466
07.04.2027 00:00;2,2703
07.04.2027 01:00;2,0644
07.04.2027 02:00;2,0071
07.04.2027 03:00;1,9363
07.04.2027 04:00;2,0968
07.04.2027 05:00;2,2965
07.04.2027 06:00;2,6508
07.04.2027 07:00;3,2842
07.04.2027 08:00;3,9412
07.04.2027 09:00;4,2922
07.04.2027 10:00;4,3969
07.04.2027 11:00;4,3502
07.04.2027 12:00;3,8726
07.04.2027 13:00;4,129
07.04.2027 14:00;4,2813
07.04.2027 15:00;4,1664
07.04.2027 16:00;3,865
07.04.2027 17:00;3,8197
07.04.2027 18:00;3,3137
07.04.2027 19:00;2,9265
07.04.2027 20:00;2,4316
07.04.2027 21:00;2,3
07.04.2027 22:00;2,3478
07.04.2027 23:00;2,2862
08.04.2027 00:00;2,2106
08.04.2027 01:00;2,1065
08.04.2027 02:00;2,0484
08.04.2027 03:00;1,9931
08.04.2027 04:00;2,0125
08.04.2027 05:00;2,074
08.04.2027 06:00;2,4579
08.04.2027 07:00;3,1929
08.04.2027 08:00;4,0914
08.04.2027 09:00;4,4361
08.04.2027 10:00;4,2816
08.04.2027 11:00;4,0975
08.04.2027 12:00;3,6045
08.04.2027 13:00;3,9248
08.04.2027 14:00;4,2406
08.04.2027 15:00;4,3636
08.04.2027 16:00;4,197
08.04.2027 17:00;3,8205
08.04.2027 18:00;3,1505
08.04.2027 19:00;2,7697
08.04.2027 20:00;2,6094
08.04.2027 21:00;2,2376
08.04.2027 22:00;2,3394
08.04.2027 23:00;2,268
09.04.2027 00:00;2,1467
09.04.2027 01:00;1,9662
09.04.2027 02:00;2,0229
09.04.2027 03:00;2,0768
09.04.2027 04:00;2,0642
09.04.2027 05:00;2,12
09.04.2027 06:00;2,6355
09.04.2027 07:00;3,5122
09.04.2027 08:00;3,8119
09.04.2027 09:00;4,6248
09.04.2027 10:00;4,0723
09.04.2027 11:00;4,4446
09.04.2027 12:00;3,5278
09.04.2027 13:00;4,1949
09.04.2027 14:00;4,2852
09.04.2027 15:00;4,0003
09.04.2027 16:00;3,833
09.04.2027 17:00;3,8945
09.04.2027 18:00;3,2886
09.04.2027 19:00;2,772
09.04.2027 20:00;2,5389
09.04.2027 21:00;2,3751
09.04.2027 22:00;2,3801
09.04.2027 23:00;2,1866
10.04.2027 00:00;1,6673
10.04.2027 01:00;1,6282
10.04.2027 02:00;1,6087
10.04.2027 03:00;1,571
10.04.2027 04:00;1,549
10.04.2027 05:00;1,6476
10.04.2027 06:00;1,7801
10.04.2027 07:00;1,9829
10.04.2027 08:00;2,0417
10.04.2027 09:00;2,1066
10.04.2027 10:00;2,0865
10.04.2027 11:00;2,0525
10.04.2027 12:00;1,9923
10.04.2027 13:00;2,0931
10.04.2027 14:00;2,0388
10.04.2027 15:00;2,008
10.04.2027 16:00;2,2367
10.04.2027 17:00;2,1229
10.04.2027 18:00;1,8977
10.04.2027 19:00;1,8403
10.04.2027 20:00;1,6713
10.04.2027 21:00;1,8619
10.04.2027 22:00;1,7399
10.04.2027 23:00;1,6889
11.04.2027 00:00;1,5597
11.04.2027 01:00;1,5392
11.04.2027 02:00;1,5083
11.04.2027 03:00;1,3817
11.04.2027 04:00;1,5603
11.04.2027 05:00;1,6344
11.04.2027 06:00;1,7991
11.04.2027 07:00;1,9016
11.04.2027 08:00;1,9808
11.04.2027 09:00;2,0459
11.04.2027 10:00;2,0748
11.04.2027 11:00;2,0069
11.04.2027 12:00;2,0203
11.04.2027 13:00;1,9232
11.04.2027 14:00;2,0841
11.04.2027 15:00;2,0911
11.04.2027 16:00;2,1181
11.04.2027 17:00;2,0049
11.04.2027 18:00;1,9093
11.04.2027 19:00;1,8486
11.04.2027 20:00;1,7745
11.04.2027 21:00;1,6169
11.04.2027 22:00;1,7421
11.04.2027 23:00;1,6723
12.04.2027 00:00;2,1382
12.04.2027 01:00;1,8245
12.04.2027 02:00;1,9778
12.04.2027 03:00;1,9195
12.04.2027 04:00;1,9805
12.04.2027 05:00;2,1757
12.04.2027 06:00;2,4627
12.04.2027 07:00;3,333
12.04.2027 08:00;3,991
12.04.2027 09:00;4,1748
12.04.2027 10:00;4,3089
12.04.2027 11:00;4,0114
12.04.2027 12:00;3,7053
12.04.2027 13:00;3,8912
12.04.2027 14:00;4,3054
12.04.2027 15:00;4,1309
12.04.2027 16:00;3,8711
12.04.2027 17:00;3,6918
12.04.2027 18:00;3,4342
12.04.2027 19:00;2,8112
12.04.2027 20:00;2,5841
12.04.2027 21:00;2,4461
12.04.2027 22:00;2,3091
12.04.2027 23:00;2,287
13.04.2027 00:00;2,185
13.04.2027 01:00;2,0961
13.04.2027 02:00;1,9185
13.04.2027 03:00;1,9608
13.04.2027 04:00;1,9707
13.04.2027 05:00;2,1058
13.04.2027 06:00;2,5854
13.04.2027 07:00;3,2841
13.04.2027 08:00;4,0134
13.04.2027 09:00;4,0676
13.04.2027 10:00;4,1901
13.04.2027 11:00;4,1764
13.04.2027 12:00;3,5524
13.04.2027 13:00;3,7109
13.04.2027 14:00;4,1967
13.04.2027 15:00;4,1076
13.04.2027 16:00;4,0815
13.04.2027 17:00;3,8041
13.04.2027 18:00;3,1951
13.04.2027 19:00;2,6416
13.04.2027 20:00;2,3879
13.04.2027 21:00;2,2895
13.04.2027 22:00;2,1961
13.04.2027 23:00;2,2373
14.04.2027 00:00;2,1006
14.04.2027 01:00;1,977
14.04.2027 02:00;1,9233
14.04.2027 03:00;1,9263
14.04.2027 04:00;2,0035
14.04.2027 05:00;2,1394
14.04.2027 06:00;2,5286
14.04.2027 07:00;3,3973
14.04.2027 08:00;4,09
14.04.2027 09:00;4,281
14.04.2027 10:00;4,2862
14.04.2027 11:00;4,1252
14.04.2027 12:00;3,6479
14.04.2027 13:00;3,778
14.04.2027 14:00;4,2769
14.04.2027 15:00;4,088
14.04.2027 16:00;4,0725
14.04.2027 17:00;3,9533
14.04.2027 18:00;3,0734
14.04.2027 19:00;2,7238
14.04.2027 20:00;2,4404
14.04.2027 21:00;2,3364
14.04.2027 22:00;2,2498
14.04.2027 23:00;2,2336
15.04.2027 00:00;2,1713
15.04.2027 01:00;2,011
15.04.2027 02:00;1,8388
15.04.2027 03:00;1,8937
15.04.2027 04:00;1,9052
15.04.2027 05:00;2,1224
15.04.2027 06:00;2,6099
15.04.2027 07:00;3,2873
15.04.2027 08:00;4,0032
15.04.2027 09:00;4,0983
15.04.2027 10:00;4,4358
15.04.2027 11:00;4,1868
15.04.2027 12:00;3,7229
15.04.2027 13:00;3,8723
15.04.2027 14:00;4,1043
15.04.2027 15:00;4,088
15.04.2027 16:00;3,8249
15.04.2027 17:00;3,7221
15.04.2027 18:00;3,2091
15.04.2027 19:00;2,7647
15.04.2027 20:00;2,4657
15.04.2027 21:00;2,3288
15.04.2027 22:00;2,2175
15.04.2027 23:00;2,2144
16.04.2027 00:00;2,0691
16.04.2027 01:00;1,9535
16.04.2027 02:00;1,9503
16.04.2027 03:00;1,9993
16.04.2027 04:00;1,859
16.04.2027 05:00;2,2601
16.04.2027 06:00;2,4868
16.04.2027 07:00;3,1359
16.04.2027 08:00;4,0184
16.04.2027 09:00;4,2533
16.04.2027 10:00;4,2618
16.04.2027 11:00;4,2412
16.04.2027 12:00;3,589
16.04.2027 13:00;4,0948
16.04.2027 14:00;4,0848
16.04.2027 15:00;4,1431
16.04.2027 16:00;3,8771
16.04.2027 17:00;3,6726
16.04.2027 18:00;3,2166
16.04.2027 19:00;2,7633
16.04.2027 20:00;2,3981
16.04.2027 21:00;2,2599
16.04.2027 22:00;2,2874
16.04.2027 23:00;2,1063
17.04.2027 00:00;1,6264
17.04.2027 01:00;1,5655
17.04.2027 02:00;1,5019
17.04.2027 03:00;1,485
17.04.2027 04:00;1,4867
17.04.2027 05:00;1,6321
17.04.2027 06:00;1,798
17.04.2027 07:00;1,9024
17.04.2027 08:00;1,9059
17.04.2027 09:00;2,0733
17.04.2027 10:00;2,022
17.04.2027 11:00;1,9452
17.04.2027 12:00;1,9555
17.04.2027 13:00;1,9492
17.04.2027 14:00;2,1034
17.04.2027 15:00;2,0061
17.04.2027 16:00;2,1019
17.04.2027 17:00;1,9251
17.04.2027 18:00;1,7609
17.04.2027 19:00;1,7267
17.04.2027 20:00;1,7884
17.04.2027 21:00;1,677
17.04.2027 22:00;1,712
17.04.2027 23:00;1,6452
18.04.2027 00:00;1,6075
18.04.2027 01:00;1,4835
18.04.2027 02:00;1,4821
18.04.2027 03:00;1,4353
18.04.2027 04:00;1,4988
18.04.2027 05:00;1,6201
18.04.2027 06:00;1,8302
18.04.2027 07:00;1,9218
18.04.2027 08:00;1,9599
18.04.2027 09:00;2,0654
18.04.2027 10:00;2,1714
18.04.2027 11:00;2,0813
18.04.2027 12:00;2,0084
18.04.2027 13:00;1,9266
18.04.2027 14:00;2,0433
18.04.2027 15:00;2,0819
18.04.2027 16:00;2,0627
18.04.2027 17:00;1,972
18.04.2027 18:00;1,8094
18.04.2027 19:00;1,7937
18.04.2027 20:00;1,7669
18.04.2027 21:00;1,7433
18.04.2027 22:00;1,646
18.04.2027 23:00;1,6083
19.04.2027 00:00;2,1521
19.04.2027 01:00;2,0446
19.04.2027 02:00;1,9983
19.04.2027 03:00;1,9661
19.04.2027 04:00;1,958
19.04.2027 05:00;2,0853
19.04.2027 06:00;2,4742
19.04.2027 07:00;3,0677
19.04.2027 08:00;3,963
19.04.2027 09:00;4,2144
19.04.2027 10:00;4,4197
19.04.2027 11:00;4,1877
19.04.2027 12:00;3,8575
19.04.2027 13:00;3,8648
19.04.2027 14:00;4,0168
19.04.2027 15:00;3,8545
19.04.2027 16:00;4,085
19.04.2027 17:00;3,7132
19.04.2027 18:00;3,251
19.04.2027 19:00;2,7574
19.04.2027 20:00;2,2653
19.04.2027 21:00;2,1198
19.04.2027 22:00;2,2462
19.04.2027 23:00;2,1721
20.04.2027 00:00;1,9603
20.04.2027 01:00;1,9656
20.04.2027 02:00;1,9652
20.04.2027 03:00;1,881
20.04.2027 04:00;1,9626
20.04.2027 05:00;2,0348
20.04.2027 06:00;2,4963
20.04.2027 07:00;3,1263
20.04.2027 08:00;3,5114
20.04.2027 09:00;4,1924
20.04.2027 10:00;4,0763
20.04.2027 11:00;4,1762
20.04.2027 12:00;3,6055
20.04.2027 13:00;3,7616
20.04.2027 14:00;4,0667
20.04.2027 15:00;4,2495
20.04.2027 16:00;4,0563
20.04.2027 17:00;3,721
20.04.2027 18:00;3,3453
20.04.2027 19:00;2,861
20.04.2027 20:00;2,0832
20.04.2027 21:00;2,1313
20.04.2027 22:00;2,2074
20.04.2027 23:00;2,2299
21.04.2027 00:00;2,0403
21.04.2027 01:00;1,9143
21.04.2027 02:00;1,8687
21.04.2027 03:00;2,0739
21.04.2027 04:00;1,9204
21.04.2027 05:00;2,0199
21.04.2027 06:00;2,4349
21.04.2027 07:00;3,1433
21.04.2027 08:00;3,8869
21.04.2027 09:00;4,1329
21.04.2027 10:00;4,3322
21.04.2027 11:00;4,1868
21.04.2027 12:00;3,3342
21.04.2027 13:00;3,807
21.04.2027 14:00;4,0449
21.04.2027 15:00;3,9921
21.04.2027 16:00;3,8127
21.04.2027 17:00;3,6787
21.04.2027 18:00;3,1327
21.04.2027 19:00;2,776
21.04.2027 20:00;2,357
21.04.2027 21:00;2,1341
21.04.2027 22:00;2,1333
21.04.2027 23:00;2,1457
22.04.2027 00:00;2,0271
22.04.2027 01:00;1,9936
22.04.2027 02:00;1,9374
22.04.2027 03:00;1,8873
22.04.2027 04:00;1,9235
22.04.2027 05:00;2,0741
22.04.2027 06:00;2,4627
22.04.2027 07:00;3,1723
22.04.2027 08:00;3,788
22.04.2027 09:00;4,2499
22.04.2027 10:00;4,2177
22.04.2027 11:00;4,1146
22.04.2027 12:00;3,4495
22.04.2027 13:00;3,5987
22.04.2027 14:00;3,8842
22.04.2027 15:00;3,9424
22.04.2027 16:00;3,8258
22.04.2027 17:00;3,7349
22.04.2027 18:00;3,1874
22.04.2027 19:00;2,743
22.04.2027 20:00;2,3424
22.04.2027 21:00;2,2457
22.04.2027 22:00;2,2085
22.04.2027 23:00;2,1656
23.04.2027 00:00;2,1301
23.04.2027 01:00;1,9914
23.04.2027 02:00;1,8903
23.04.2027 03:00;1,7721
23.04.2027 04:00;1,9212
23.04.2027 05:00;2,0323
23.04.2027 06:00;2,2831
23.04.2027 07:00;3,1369
23.04.2027 08:00;3,7516
23.04.2027 09:00;4,0109
23.04.2027 10:00;3,9582
23.04.2027 11:00;4,1121
23.04.2027 12:00;3,4669
23.04.2027 13:00;3,9864
23.04.2027 14:00;3,9913
23.04.2027 15:00;4,1386
23.04.2027 16:00;3,8915
23.04.2027 17:00;3,7509
23.04.2027 18:00;3,1613
23.04.2027 19:00;2,6373
23.04.2027 20:00;2,2429
23.04.2027 21:00;2,2818
23.04.2027 22:00;2,1437
23.04.2027 23:00;2,1558
24.04.2027 00:00;1,531
24.04.2027 01:00;1,4841
24.04.2027 02:00;1,4312
24.04.2027 03:00;1,4952
24.04.2027 04:00;1,5107
24.04.2027 05:00;1,6419
24.04.2027 06:00;1,6855
24.04.2027 07:00;1,8247
24.04.2027 08:00;1,876
24.04.2027 09:00;2,0734
24.04.2027 10:00;1,9496
24.04.2027 11:00;1,9597
24.04.2027 12:00;1,9175
24.04.2027 13:00;1,9003
24.04.2027 14:00;1,9442
24.04.2027 15:00;2,0159
24.04.2027 16:00;2,0964
24.04.2027 17:00;1,8304
24.04.2027 18:00;1,8842
24.04.2027 19:00;1,7121
24.04.2027 20:00;1,7265
24.04.2027 21:00;1,6585
24.04.2027 22:00;1,6549
24.04.2027 23:00;1,667
25.04.2027 00:00;0,8199
25.04.2027 01:00;0,8576
25.04.2027 02:00;0,8126
25.04.2027 03:00;0,8227
25.04.2027 04:00;0,8759
25.04.2027 05:00;0,8835
25.04.2027 06:00;0,9401
25.04.2027 07:00;0,9851
25.04.2027 08:00;1,0783
25.04.2027 09:00;1,0499
25.04.2027 10:00;1,1172
25.04.2027 11:00;1,138
25.04.2027 12:00;0,9625
25.04.2027 13:00;1,0648
25.04.2027 14:00;1,1198
25.04.2027 15:00;1,0818
25.04.2027 16:00;1,0748
25.04.2027 17:00;1,0708
25.04.2027 18:00;0,9888
25.04.2027 19:00;0,9203
25.04.2027 20:00;0,966
25.04.2027 21:00;0,8986
25.04.2027 22:00;0,8774
25.04.2027 23:00;0,9182
26.04.2027 00:00;1,1715
26.04.2027 01:00;1,0348
26.04.2027 02:00;1,0759
26.04.2027 03:00;1,0618
26.04.2027 04:00;1,0983
26.04.2027 05:00;1,1433
26.04.2027 06:00;1,2914
26.04.2027 07:00;1,7587
26.04.2027 08:00;2,0441
26.04.2027 09:00;2,1575
26.04.2027 10:00;2,2276
26.04.2027 11:00;2,2222
26.04.2027 12:00;1,9601
26.04.2027 13:00;2,0221
26.04.2027 14:00;2,1306
26.04.2027 15:00;2,2252
26.04.2027 16:00;2,0467
26.04.2027 17:00;2,1114
26.04.2027 18:00;1,7085
26.04.2027 19:00;1,4849
26.04.2027 20:00;1,1851
26.04.2027 21:00;1,1769
26.04.2027 22:00;1,213
26.04.2027 23:00;1,1451
27.04.2027 00:00;2,134
27.04.2027 01:00;1,888
27.04.2027 02:00;1,9178
27.04.2027 03:00;1,925
27.04.2027 04:00;2,0715
27.04.2027 05:00;2,0431
27.04.2027 06:00;2,4433
27.04.2027 07:00;3,3805
27.04.2027 08:00;3,8265
27.04.2027 09:00;3,9903
27.04.2027 10:00;4,0378
27.04.2027 11:00;3,7066
27.04.2027 12:00;3,5488
27.04.2027 13:00;3,6059
27.04.2027 14:00;3,9557
27.04.2027 15:00;4,1593
27.04.2027 16:00;3,742
27.04.2027 17:00;3,396
27.04.2027 18:00;3,2488
27.04.2027 19:00;2,6944
27.04.2027 20:00;2,2367
27.04.2027 21:00;2,0782
27.04.2027 22:00;2,1225
27.04.2027 23:00;2,2652
28.04.2027 00:00;1,9957
28.04.2027 01:00;1,9599
28.04.2027 02:00;1,8402
28.04.2027 03:00;1,8514
28.04.2027 04:00;1,8493
28.04.2027 05:00;1,9771
28.04.2027 06:00;2,3559
28.04.2027 07:00;3,0835
28.04.2027 08:00;3,8004
28.04.2027 09:00;4,0456
28.04.2027 10:00;4,0882
28.04.2027 11:00;3,9393
28.04.2027 12:00;3,2913
28.04.2027 13:00;3,6676
28.04.2027 14:00;3,9145
28.04.2027 15:00;4,0583
28.04.2027 16:00;3,7114
28.04.2027 17:00;3,5571
28.04.2027 18:00;3,0942
28.04.2027 19:00;2,7697
28.04.2027 20:00;2,2616
28.04.2027 21:00;2,0113
28.04.2027 22:00;2,0923
28.04.2027 23:00;2,1716
29.04.2027 00:00;2,0431
29.04.2027 01:00;1,9173
29.04.2027 02:00;1,8725
29.04.2027 03:00;1,7772
29.04.2027 04:00;1,8465
29.04.2027 05:00;2,0574
29.04.2027 06:00;2,4515
29.04.2027 07:00;3,153
29.04.2027 08:00;3,7546
29.04.2027 09:00;3,8052
29.04.2027 10:00;4,2316
29.04.2027 11:00;3,9331
29.04.2027 12:00;3,4905
29.04.2027 13:00;3,8216
29.04.2027 14:00;3,9821
29.04.2027 15:00;3,871
29.04.2027 16:00;3,73
29.04.2027 17:00;3,6579
29.04.2027 18:00;3,0136
29.04.2027 19:00;2,5781
29.04.2027 20:00;2,2515
29.04.2027 21:00;2,2619
29.04.2027 22:00;2,1454
29.04.2027 23:00;2,0514
30.04.2027 00:00;1,9322
30.04.2027 01:00;1,9324
30.04.2027 02:00;1,9143
30.04.2027 03:00;1,8656
30.04.2027 04:00;1,8896
30.04.2027 05:00;2,006
30.04.2027 06:00;2,4033
30.04.2027 07:00;3,1247
30.04.2027 08:00;3,6002
30.04.2027 09:00;3,8075
30.04.2027 10:00;4,3774
30.04.2027 11:00;4,0385
30.04.2027 12:00;3,3764
30.04.2027 13:00;3,687
30.04.2027 14:00;3,9268
30.04.2027 15:00;3,9214
30.04.2027 16:00;3,7534
30.04.2027 17:00;3,6517
30.04.2027 18:00;3,0623
30.04.2027 19:00;2,5512
30.04.2027 20:00;2,2584
30.04.2027 21:00;2,3374
30.04.2027 22:00;2,1004
30.04.2027 23:00;2,0835
01.05.2027 00:00;0,8641
01.05.2027 01:00;0,8113
01.05.2027 02:00;0,7805
01.05.2027 03:00;0,8149
01.05.2027 04:00;0,8303
01.05.2027 05:00;0,8549
01.05.2027 06:00;0,9146
01.05.2027 07:00;0,9671
01.05.2027 08:00;1,0139
01.05.2027 09:00;1,1004
01.05.2027 10:00;1,0435
01.05.2027 11:00;1,0967
01.05.2027 12:00;1,0497
01.05.2027 13:00;1,0645
01.05.2027 14:00;1,0493
01.05.2027 15:00;1,0644
01.05.2027 16:00;1,0978
01.05.2027 17:00;1,0221
01.05.2027 18:00;0,9873
01.05.2027 19:00;0,9386
01.05.2027 20:00;0,894
01.05.2027 21:00;0,9059
01.05.2027 22:00;0,8612
01.05.2027 23:00;0,8541
02.05.2027 00:00;1,4766
02.05.2027 01:00;1,4298
02.05.2027 02:00;1,4375
02.05.2027 03:00;1,4087
02.05.2027 04:00;1,4765
02.05.2027 05:00;1,5592
02.05.2027 06:00;1,6407
02.05.2027 07:00;1,8768
02.05.2027 08:00;1,8139
02.05.2027 09:00;1,954
02.05.2027 10:00;1,8774
02.05.2027 11:00;1,9059
02.05.2027 12:00;1,9175
02.05.2027 13:00;1,882
02.05.2027 14:00;1,9835
02.05.2027 15:00;2,0119
02.05.2027 16:00;1,9592
02.05.2027 17:00;1,8867
02.05.2027 18:00;1,7819
02.05.2027 19:00;1,66
02.05.2027 20:00;1,6453
02.05.2027 21:00;1,6069
02.05.2027 22:00;1,5437
02.05.2027 23:00;1,4882
03.05.2027 00:00;2,0489
03.05.2027 01:00;1,9548
03.05.2027 02:00;1,8468
03.05.2027 03:00;1,88
03.05.2027 04:00;1,9621
03.05.2027 05:00;1,9712
03.05.2027 06:00;2,3496
03.05.2027 07:00;3,0285
03.05.2027 08:00;3,5123
03.05.2027 09:00;4,0137
03.05.2027 10:00;4,1101
03.05.2027 11:00;3,9627
03.05.2027 12:00;3,1818
03.05.2027 13:00;3,5677
03.05.2027 14:00;3,9546
03.05.2027 15:00;3,9364
03.05.2027 16:00;3,869
03.05.2027 17:00;3,5296
03.05.2027 18:00;3,1709
03.05.2027 19:00;2,5297
03.05.2027 20:00;2,2301
03.05.2027 21:00;2,1308
03.05.2027 22:00;2,1802
03.05.2027 23:00;2,1013
04.05.2027 00:00;2,0276
04.05.2027 01:00;1,8716
04.05.2027 02:00;1,8409
04.05.2027 03:00;1,8128
04.05.2027 04:00;1,8711
04.05.2027 05:00;1,941
04.05.2027 06:00;2,3194
04.05.2027 07:00;3,0627
04.05.2027 08:00;3,563
04.05.2027 09:00;3,7027
04.05.2027 10:00;4,0466
04.05.2027 11:00;3,8755
04.05.2027 12:00;3,4412
04.05.2027 13:00;3,7554
04.05.2027 14:00;4,0199
04.05.2027 15:00;4,0059
04.05.2027 16:00;3,6087
04.05.2027 17:00;3,4239
04.05.2027 18:00;3,0968
04.05.2027 19:00;2,6127
04.05.2027 20:00;2,2681
04.05.2027 21:00;2,187
04.05.2027 22:00;2,0401
04.05.2027 23:00;1,9855
05.05.2027 00:00;2,0207
05.05.2027 01:00;1,8692
05.05.2027 02:00;1,8418
05.05.2027 03:00;1,8177
05.05.2027 04:00;1,9133
05.05.2027 05:00;1,8933
05.05.2027 06:00;2,348
05.05.2027 07:00;3,0861
05.05.2027 08:00;3,6502
05.05.2027 09:00;3,9646
05.05.2027 10:00;3,8278
05.05.2027 11:00;4,0132
05.05.2027 12:00;3,3761
05.05.2027 13:00;3,6048
05.05.2027 14:00;3,9355
05.05.2027 15:00;4,0823
05.05.2027 16:00;3,7182
05.05.2027 17:00;3,4128
05.05.2027 18:00;3,0679
05.05.2027 19:00;2,3767
05.05.2027 20:00;2,2075
05.05.2027 21:00;2,1664
05.05.2027 22:00;2,155
05.05.2027 23:00;2,0605
06.05.2027 00:00;2,0756
06.05.2027 01:00;1,9463
06.05.2027 02:00;1,8577
06.05.2027 03:00;1,8003
06.05.2027 04:00;1,961
06.05.2027 05:00;2,0025
06.05.2027 06:00;2,2873
06.05.2027 07:00;3,2739
06.05.2027 08:00;3,7543
06.05.2027 09:00;4,0189
06.05.2027 10:00;3,9141
06.05.2027 11:00;3,7094
06.05.2027 12:00;3,3146
06.05.2027 13:00;3,6659
06.05.2027 14:00;3,8049
06.05.2027 15:00;4,0006
06.05.2027 16:00;3,7033
06.05.2027 17:00;3,3713
06.05.2027 18:00;2,9403
06.05.2027 19:00;2,4996
06.05.2027 20:00;2,2549
06.05.2027 21:00;2,1295
06.05.2027 22:00;2,195
06.05.2027 23:00;2,0866
07.05.2027 00:00;2,126
07.05.2027 01:00;1,9222
07.05.2027 02:00;1,6875
07.05.2027 03:00;1,7286
07.05.2027 04:00;1,8335
07.05.2027 05:00;1,9651
07.05.2027 06:00;2,3393
07.05.2027 07:00;3,1883
07.05.2027 08:00;3,5332
07.05.2027 09:00;3,787
07.05.2027 10:00;3,8374
07.05.2027 11:00;3,7089
07.05.2027 12:00;3,3209
07.05.2027 13:00;3,5487
07.05.2027 14:00;3,7042
07.05.2027 15:00;3,9134
07.05.2027 16:00;3,3909
07.05.2027 17:00;3,4574
07.05.2027 18:00;2,8999
07.05.2027 19:00;2,6434
07.05.2027 20:00;2,2752
07.05.2027 21:00;2,0545
07.05.2027 22:00;2,1468
07.05.2027 23:00;2,0434
08.05.2027 00:00;1,4964
08.05.2027 01:00;1,4473
08.05.2027 02:00;1,4461
08.05.2027 03:00;1,4361
08.05.2027 04:00;1,4742
08.05.2027 05:00;1,5335
08.05.2027 06:00;1,6245
08.05.2027 07:00;1,7185
08.05.2027 08:00;1,8272
08.05.2027 09:00;1,8747
08.05.2027 10:00;1,8678
08.05.2027 11:00;1,7844
08.05.2027 12:00;1,7647
08.05.2027 13:00;1,7775
08.05.2027 14:00;1,8699
08.05.2027 15:00;1,9487
08.05.2027 16:00;1,9327
08.05.2027 17:00;1,8864
08.05.2027 18:00;1,7423
08.05.2027 19:00;1,7119
08.05.2027 20:00;1,6288
08.05.2027 21:00;1,6251
08.05.2027 22:00;1,572
08.05.2027 23:00;1,5478
09.05.2027 00:00;1,4637
09.05.2027 01:00;1,4286
09.05.2027 02:00;1,3846
09.05.2027 03:00;1,3605
09.05.2027 04:00;1,4632
09.05.2027 05:00;1,5344
09.05.2027 06:00;1,614
09.05.2027 07:00;1,644
09.05.2027 08:00;1,8649
09.05.2027 09:00;1,8415
09.05.2027 10:00;1,7731
09.05.2027 11:00;1,849
09.05.2027 12:00;1,8509
09.05.2027 13:00;1,7762
09.05.2027 14:00;1,8859
09.05.2027 15:00;1,8467
09.05.2027 16:00;1,8962
09.05.2027 17:00;1,8301
09.05.2027 18:00;1,7677
09.05.2027 19:00;1,7528
09.05.2027 20:00;1,7308
09.05.2027 21:00;1,5466
09.05.2027 22:00;1,5776
09.05.2027 23:00;1,5041
10.05.2027 00:00;1,9767
10.05.2027 01:00;1,8901
10.05.2027 02:00;1,7403
10.05.2027 03:00;1,7508
10.05.2027 04:00;1,8635
10.05.2027 05:00;2,1084
10.05.2027 06:00;2,3266
10.05.2027 07:00;3,1205
10.05.2027 08:00;3,5544
10.05.2027 09:00;3,8396
10.05.2027 10:00;3,8118
10.05.2027 11:00;3,8636
10.05.2027 12:00;3,4104
10.05.2027 13:00;3,5679
10.05.2027 14:00;3,8864
10.05.2027 15:00;3,7346
10.05.2027 16:00;3,7817
10.05.2027 17:00;3,2802
10.05.2027 18:00;3,032
10.05.2027 19:00;2,5766
10.05.2027 20:00;2,2268
10.05.2027 21:00;2,1078
10.05.2027 22:00;2,076
10.05.2027 23:00;1,9834
11.05.2027 00:00;2,0115
11.05.2027 01:00;1,8161
11.05.2027 02:00;1,7806
11.05.2027 03:00;1,7427
11.05.2027 04:00;1,8478
11.05.2027 05:00;1,9552
11.05.2027 06:00;2,2807
11.05.2027 07:00;3,0542
11.05.2027 08:00;3,6745
11.05.2027 09:00;3,7429
11.05.2027 10:00;3,9731
11.05.2027 11:00;3,7672
11.05.2027 12:00;3,1948
11.05.2027 13:00;3,8308
11.05.2027 14:00;3,5131
11.05.2027 15:00;3,7162
11.05.2027 16:00;3,7967
11.05.2027 17:00;3,4912
11.05.2027 18:00;2,9231
11.05.2027 19:00;2,5326
11.05.2027 20:00;2,2807
11.05.2027 21:00;2,2302
11.05.2027 22:00;2,0435
11.05.2027 23:00;2,0209
12.05.2027 00:00;1,9103
12.05.2027 01:00;1,823
12.05.2027 02:00;1,7614
12.05.2027 03:00;1,7679
12.05.2027 04:00;1,8582
12.05.2027 05:00;1,8775
12.05.2027 06:00;2,3465
12.05.2027 07:00;2,9915
12.05.2027 08:00;3,4786
12.05.2027 09:00;3,7348
12.05.2027 10:00;4,0833
12.05.2027 11:00;3,7131
12.05.2027 12:00;3,3627
12.05.2027 13:00;3,4022
12.05.2027 14:00;3,6465
12.05.2027 15:00;3,941
12.05.2027 16:00;3,8805
12.05.2027 17:00;3,3051
12.05.2027 18:00;2,9465
12.05.2027 19:00;2,4483
12.05.2027 20:00;2,131
12.05.2027 21:00;2,0744
12.05.2027 22:00;2,0244
12.05.2027 23:00;1,9914
13.05.2027 00:00;1,0456
13.05.2027 01:00;0,9721
13.05.2027 02:00;0,9872
13.05.2027 03:00;0,9856
13.05.2027 04:00;1,0038
13.05.2027 05:00;1,1029
13.05.2027 06:00;1,256
13.05.2027 07:00;1,6143
13.05.2027 08:00;1,9924
13.05.2027 09:00;2,0337
13.05.2027 10:00;2,1202
13.05.2027 11:00;2,1309
13.05.2027 12:00;1,7769
13.05.2027 13:00;1,9047
13.05.2027 14:00;2,0736
13.05.2027 15:00;2,0944
13.05.2027 16:00;1,9842
13.05.2027 17:00;1,8771
13.05.2027 18:00;1,6636
13.05.2027 19:00;1,4174
13.05.2027 20:00;1,2077
13.05.2027 21:00;1,1697
13.05.2027 22:00;1,0522
13.05.2027 23:00;1,1377
14.05.2027 00:00;1,9704
14.05.2027 01:00;1,7315
14.05.2027 02:00;1,8646
14.05.2027 03:00;1,8165
14.05.2027 04:00;1,8308
14.05.2027 05:00;2,0033
14.05.2027 06:00;2,244
14.05.2027 07:00;3,0209
14.05.2027 08:00;3,4794
14.05.2027 09:00;3,7579
14.05.2027 10:00;3,9793
14.05.2027 11:00;3,8636
14.05.2027 12:00;3,2496
14.05.2027 13:00;3,6245
14.05.2027 14:00;3,9761
14.05.2027 15:00;3,7004
14.05.2027 16:00;3,6656
14.05.2027 17:00;3,3426
14.05.2027 18:00;3,0357
14.05.2027 19:00;2,4568
14.05.2027 20:00;2,0911
14.05.2027 21:00;2,0014
14.05.2027 22:00;2,0626
14.05.2027 23:00;2,0311
15.05.2027 00:00;1,4889
15.05.2027 01:00;1,4213
15.05.2027 02:00;1,319
15.05.2027 03:00;1,3079
15.05.2027 04:00;1,4247
15.05.2027 05:00;1,4224
15.05.2027 06:00;1,5491
15.05.2027 07:00;1,7269
15.05.2027 08:00;1,8267
15.05.2027 09:00;1,8758
15.05.2027 10:00;1,8918
15.05.2027 11:00;1,834
15.05.2027 12:00;1,8056
15.05.2027 13:00;1,6675
15.05.2027 14:00;1,8078
15.05.2027 15:00;1,8657
15.05.2027 16:00;1,9383
15.05.2027 17:00;1,8142
15.05.2027 18:00;1,6941
15.05.2027 19:00;1,6251
15.05.2027 20:00;1,589
15.05.2027 21:00;1,5304
15.05.2027 22:00;1,4713
15.05.2027 23:00;1,4645
16.05.2027 00:00;1,5062
16.05.2027 01:00;1,3754
16.05.2027 02:00;1,3495
16.05.2027 03:00;1,3234
16.05.2027 04:00;1,4715
16.05.2027 05:00;1,4977
16.05.2027 06:00;1,5562
16.05.2027 07:00;1,732
16.05.2027 08:00;1,7466
16.05.2027 09:00;1,8154
16.05.2027 10:00;1,7997
16.05.2027 11:00;1,8982
16.05.2027 12:00;1,6929
16.05.2027 13:00;1,8491
16.05.2027 14:00;1,7965
16.05.2027 15:00;1,7484
16.05.2027 16:00;1,8441
16.05.2027 17:00;1,7625
16.05.2027 18:00;1,7092
16.05.2027 19:00;1,6463
16.05.2027 20:00;1,5631
16.05.2027 21:00;1,5174
16.05.2027 22:00;1,4743
16.05.2027 23:00;1,4727
17.05.2027 00:00;1,9147
17.05.2027 01:00;1,7445
17.05.2027 02:00;1,7408
17.05.2027 03:00;1,6864
17.05.2027 04:00;1,7234
17.05.2027 05:00;1,9657
17.05.2027 06:00;2,2942
17.05.2027 07:00;3,0769
17.05.2027 08:00;3,4771
17.05.2027 09:00;3,5801
17.05.2027 10:00;3,9163
17.05.2027 11:00;3,7796
17.05.2027 12:00;3,2279
17.05.2027 13:00;3,5047
17.05.2027 14:00;3,9742
17.05.2027 15:00;3,73
17.05.2027 16:00;3,5366
17.05.2027 17:00;3,4719
17.05.2027 18:00;3,0243
17.05.2027 19:00;2,5688
17.05.2027 20:00;2,1287
17.05.2027 21:00;2,0664
17.05.2027 22:00;2,0125
17.05.2027 23:00;2,0768
18.05.2027 00:00;1,95
18.05.2027 01:00;1,7602
18.05.2027 02:00;1,6836
18.05.2027 03:00;1,79
18.05.2027 04:00;1,7631
18.05.2027 05:00;1,9273
18.05.2027 06:00;2,2979
18.05.2027 07:00;2,9191
18.05.2027 08:00;3,3341
18.05.2027 09:00;3,8622
18.05.2027 10:00;3,7206
18.05.2027 11:00;3,6991
18.05.2027 12:00;3,1071
18.05.2027 13:00;3,4394
18.05.2027 14:00;3,6428
18.05.2027 15:00;3,8725
18.05.2027 16:00;3,6523
18.05.2027 17:00;3,4551
18.05.2027 18:00;2,8761
18.05.2027 19:00;2,4634
18.05.2027 20:00;2,1311
18.05.2027 21:00;2,0504
18.05.2027 22:00;2,0979
18.05.2027 23:00;1,9291
19.05.2027 00:00;1,8848
19.05.2027 01:00;1,8274
19.05.2027 02:00;1,7015
19.05.2027 03:00;1,7184
19.05.2027 04:00;1,7519
19.05.2027 05:00;1,9257
19.05.2027 06:00;2,1982
19.05.2027 07:00;2,9224
19.05.2027 08:00;3,3741
19.05.2027 09:00;3,5673
19.05.2027 10:00;3,6572
19.05.2027 11:00;3,6315
19.05.2027 12:00;3,0259
19.05.2027 13:00;3,6173
19.05.2027 14:00;3,6895
19.05.2027 15:00;3,7707
19.05.2027 16:00;3,8004
19.05.2027 17:00;3,3394
19.05.2027 18:00;2,8735
19.05.2027 19:00;2,5045
19.05.2027 20:00;2,128
19.05.2027 21:00;2,0725
19.05.2027 22:00;2,1092
19.05.2027 23:00;1,9816
20.05.2027 00:00;1,8721
20.05.2027 01:00;1,7961
20.05.2027 02:00;1,7691
20.05.2027 03:00;1,8522
20.05.2027 04:00;1,7629
20.05.2027 05:00;1,8606
20.05.2027 06:00;2,1671
20.05.2027 07:00;2,9072
20.05.2027 08:00;3,4613
20.05.2027 09:00;3,6067
20.05.2027 10:00;3,8154
20.05.2027 11:00;3,7417
20.05.2027 12:00;3,1395
20.05.2027 13:00;3,5011
20.05.2027 14:00;3,7313
20.05.2027 15:00;3,5768
20.05.2027 16:00;3,6195
20.05.2027 17:00;3,1283
20.05.2027 18:00;2,7819
20.05.2027 19:00;2,3782
20.05.2027 20:00;2,07
20.05.2027 21:00;2,12
20.05.2027 22:00;1,88
20.05.2027 23:00;1,9926
21.05.2027 00:00;1,8929
21.05.2027 01:00;1,8029
21.05.2027 02:00;1,8398
21.05.2027 03:00;1,7299
21.05.2027 04:00;1,838
21.05.2027 05:00;1,8695
21.05.2027 06:00;2,2467
21.05.2027 07:00;2,8073
21.05.2027 08:00;3,5295
21.05.2027 09:00;3,7223
21.05.2027 10:00;3,8912
21.05.2027 11:00;3,818
21.05.2027 12:00;3,2026
21.05.2027 13:00;3,4759
21.05.2027 14:00;3,6667
21.05.2027 15:00;3,648
21.05.2027 16:00;3,5166
21.05.2027 17:00;3,3107
21.05.2027 18:00;2,9316
21.05.2027 19:00;2,3607
21.05.2027 20:00;2,195
21.05.2027 21:00;2,023
21.05.2027 22:00;1,9457
21.05.2027 23:00;1,9957
22.05.2027 00:00;1,4107
22.05.2027 01:00;1,3009
22.05.2027 02:00;1,3244
22.05.2027 03:00;1,3202
22.05.2027 04:00;1,3302
22.05.2027 05:00;1,4854
22.05.2027 06:00;1,6917
22.05.2027 07:00;1,6412
22.05.2027 08:00;1,7949
22.05.2027 09:00;1,8325
22.05.2027 10:00;1,8717
22.05.2027 11:00;1,7589
22.05.2027 12:00;1,7946
22.05.2027 13:00;1,7135
22.05.2027 14:00;1,7325
22.05.2027 15:00;1,8685
22.05.2027 16:00;1,7776
22.05.2027 17:00;1,7611
22.05.2027 18:00;1,6291
22.05.2027 19:00;1,5412
22.05.2027 20:00;1,5685
22.05.2027 21:00;1,4142
22.05.2027 22:00;1,4806
22.05.2027 23:00;1,403
23.05.2027 00:00;0,7885
23.05.2027 01:00;0,7683
23.05.2027 02:00;0,7167
23.05.2027 03:00;0,7448
23.05.2027 04:00;0,7451
23.05.2027 05:00;0,8103
23.05.2027 06:00;0,8703
23.05.2027 07:00;0,9385
23.05.2027 08:00;1,0039
23.05.2027 09:00;0,9965
23.05.2027 10:00;0,9529
23.05.2027 11:00;0,9796
23.05.2027 12:00;0,9363
23.05.2027 13:00;0,9913
23.05.2027 14:00;1,0055
23.05.2027 15:00;1,027
23.05.2027 16:00;1,0348
23.05.2027 17:00;0,971
23.05.2027 18:00;0,9326
23.05.2027 19:00;0,8785
23.05.2027 20:00;0,8281
23.05.2027 21:00;0,8142
23.05.2027 22:00;0,7741
23.05.2027 23:00;0,8271
24.05.2027 00:00;1,0339
24.05.2027 01:00;0,9762
24.05.2027 02:00;0,9703
24.05.2027 03:00;0,927
24.05.2027 04:00;0,9698
24.05.2027 05:00;1,0377
24.05.2027 06:00;1,214
24.05.2027 07:00;1,5625
24.05.2027 08:00;1,7935
24.05.2027 09:00;1,9929
24.05.2027 10:00;2,0551
24.05.2027 11:00;2,0643
24.05.2027 12:00;1,6569
24.05.2027 13:00;1,8308
24.05.2027 14:00;1,9862
24.05.2027 15:00;1,9741
24.05.2027 16:00;1,9914
24.05.2027 17:00;1,8239
24.05.2027 18:00;1,6447
24.05.2027 19:00;1,3782
24.05.2027 20:00;1,1503
24.05.2027 21:00;1,1101
24.05.2027 22:00;1,113
24.05.2027 23:00;1,0423
25.05.2027 00:00;1,777
25.05.2027 01:00;1,7692
25.05.2027 02:00;1,5989
25.05.2027 03:00;1,7229
25.05.2027 04:00;1,7174
25.05.2027 05:00;1,8328
25.05.2027 06:00;2,1708
25.05.2027 07:00;2,8802
25.05.2027 08:00;3,3502
25.05.2027 09:00;3,5495
25.05.2027 10:00;3,7876
25.05.2027 11:00;3,782
25.05.2027 12:00;3,1285
25.05.2027 13:00;3,5143
25.05.2027 14:00;3,6746
25.05.2027 15:00;3,5405
25.05.2027 16:00;3,6044
25.05.2027 17:00;3,2956
25.05.2027 18:00;2,8399
25.05.2027 19:00;2,3712
25.05.2027 20:00;2,0727
25.05.2027 21:00;1,9149
25.05.2027 22:00;2,0995
25.05.2027 23:00;1,9656
26.05.2027 00:00;1,8528
26.05.2027 01:00;1,7315
26.05.2027 02:00;1,737
26.05.2027 03:00;1,66
26.05.2027 04:00;1,707
26.05.2027 05:00;1,8763
26.05.2027 06:00;2,2448
26.05.2027 07:00;2,9636
26.05.2027 08:00;3,4369
26.05.2027 09:00;3,6348
26.05.2027 10:00;3,8625
26.05.2027 11:00;3,4608
26.05.2027 12:00;3,2645
26.05.2027 13:00;3,2288
26.05.2027 14:00;3,5208
26.05.2027 15:00;3,5207
26.05.2027 16:00;3,4445
26.05.2027 17:00;3,3169
26.05.2027 18:00;2,8187
26.05.2027 19:00;2,5273
26.05.2027 20:00;2,0041
26.05.2027 21:00;2,01
26.05.2027 22:00;1,9624
26.05.2027 23:00;1,8359
27.05.2027 00:00;2,023
27.05.2027 01:00;1,6877
27.05.2027 02:00;1,6859
27.05.2027 03:00;1,7112
27.05.2027 04:00;1,8249
27.05.2027 05:00;1,8531
27.05.2027 06:00;2,1727
27.05.2027 07:00;2,7623
27.05.2027 08:00;3,5594
27.05.2027 09:00;3,4953
27.05.2027 10:00;3,719
27.05.2027 11:00;3,4609
27.05.2027 12:00;3,2004
27.05.2027 13:00;3,483
27.05.2027 14:00;3,7795
27.05.2027 15:00;3,5937
27.05.2027 16:00;3,5457
27.05.2027 17:00;3,5092
27.05.2027 18:00;2,7513
27.05.2027 19:00;2,3181
27.05.2027 20:00;2,1603
27.05.2027 21:00;1,9104
27.05.2027 22:00;1,9659
27.05.2027 23:00;1,9921
28.05.2027 00:00;1,9398
28.05.2027 01:00;1,8711
28.05.2027 02:00;1,7219
28.05.2027 03:00;1,6496
28.05.2027 04:00;1,7094
28.05.2027 05:00;1,823
28.05.2027 06:00;2,1633
28.05.2027 07:00;2,8435
28.05.2027 08:00;3,4675
28.05.2027 09:00;3,8732
28.05.2027 10:00;3,8376
28.05.2027 11:00;3,7178
28.05.2027 12:00;3,0658
28.05.2027 13:00;3,3449
28.05.2027 14:00;3,6728
28.05.2027 15:00;3,5077
28.05.2027 16:00;3,5814
28.05.2027 17:00;3,1949
28.05.2027 18:00;2,8588
28.05.2027 19:00;2,417
28.05.2027 20:00;2,1294
28.05.2027 21:00;2,1501
28.05.2027 22:00;1,9006
28.05.2027 23:00;1,8945
29.05.2027 00:00;1,3956
29.05.2027 01:00;1,3828
29.05.2027 02:00;1,3212
29.05.2027 03:00;1,2709
29.05.2027 04:00;1,3303
29.05.2027 05:00;1,4204
29.05.2027 06:00;1,455
29.05.2027 07:00;1,5965
29.05.2027 08:00;1,6873
29.05.2027 09:00;1,8096
29.05.2027 10:00;1,8502
29.05.2027 11:00;1,7471
29.05.2027 12:00;1,6209
29.05.2027 13:00;1,707
29.05.2027 14:00;1,7475
29.05.2027 15:00;1,7868
29.05.2027 16:00;1,7863
29.05.2027 17:00;1,6244
29.05.2027 18:00;1,7039
29.05.2027 19:00;1,5683
29.05.2027 20:00;1,5042
29.05.2027 21:00;1,4358
29.05.2027 22:00;1,4263
29.05.2027 23:00;1,4078
30.05.2027 00:00;1,3411
30.05.2027 01:00;1,3805
30.05.2027 02:00;1,2673
30.05.2027 03:00;1,2288
30.05.2027 04:00;1,3331
30.05.2027 05:00;1,3639
30.05.2027 06:00;1,534
30.05.2027 07:00;1,6132
30.05.2027 08:00;1,7424
30.05.2027 09:00;1,8031
30.05.2027 10:00;1,6658
30.05.2027 11:00;1,7787
30.05.2027 12:00;1,7874
30.05.2027 13:00;1,692
30.05.2027 14:00;1,6529
30.05.2027 15:00;1,84
30.05.2027 16:00;1,873
30.05.2027 17:00;1,7723
30.05.2027 18:00;1,6628
30.05.2027 19:00;1,5427
30.05.2027 20:00;1,5784
30.05.2027 21:00;1,466
30.05.2027 22:00;1,3691
30.05.2027 23:00;1,411
31.05.2027 00:00;1,8571
31.05.2027 01:00;1,6294
31.05.2027 02:00;1,6255
31.05.2027 03:00;1,6613
31.05.2027 04:00;1,5966
31.05.2027 05:00;1,9556
31.05.2027 06:00;2,1293
31.05.2027 07:00;2,7054
31.05.2027 08:00;3,3719
31.05.2027 09:00;3,3107
31.05.2027 10:00;3,6614
31.05.2027 11:00;3,5692
31.05.2027 12:00;2,9243
31.05.2027 13:00;3,265
31.05.2027 14:00;3,3614
31.05.2027 15:00;3,5004
31.05.2027 16:00;3,594
31.05.2027 17:00;3,2314
31.05.2027 18:00;2,7987
31.05.2027 19:00;2,2471
31.05.2027 20:00;1,9675
31.05.2027 21:00;1,9136
31.05.2027 22:00;1,9114
31.05.2027 23:00;1,8772
01.06.2027 00:00;1,8496
01.06.2027 01:00;1,6931
01.06.2027 02:00;1,6987
01.06.2027 03:00;1,7615
01.06.2027 04:00;1,6873
01.06.2027 05:00;1,8757
01.06.2027 06:00;2,2304
01.06.2027 07:00;2,84
01.06.2027 08:00;3,3213
01.06.2027 09:00;3,4548
01.06.2027 10:00;3,5642
01.06.2027 11:00;3,539
01.06.2027 12:00;2,9859
01.06.2027 13:00;3,1804
01.06.2027 14:00;3,4903
01.06.2027 15:00;3,4626
01.06.2027 16:00;3,4997
01.06.2027 17:00;3,2392
01.06.2027 18:00;2,5852
01.06.2027 19:00;2,3785
01.06.2027 20:00;2,0955
01.06.2027 21:00;2,0186
01.06.2027 22:00;1,8991
01.06.2027 23:00;1,807
02.06.2027 00:00;1,8551
02.06.2027 01:00;1,693
02.06.2027 02:00;1,6509
02.06.2027 03:00;1,6508
02.06.2027 04:00;1,7572
02.06.2027 05:00;1,7793
02.06.2027 06:00;2,0514
02.06.2027 07:00;2,7658
02.06.2027 08:00;3,323
02.06.2027 09:00;3,5807
02.06.2027 10:00;3,7232
02.06.2027 11:00;3,3326
02.06.2027 12:00;3,1714
02.06.2027 13:00;3,3365
02.06.2027 14:00;3,501
02.06.2027 15:00;3,7399
02.06.2027 16:00;3,5622
02.06.2027 17:00;3,2984
02.06.2027 18:00;2,8293
02.06.2027 19:00;2,2508
02.06.2027 20:00;2,0102
02.06.2027 21:00;2,0135
02.06.2027 22:00;1,8666
02.06.2027 23:00;1,941
03.06.2027 00:00;1,843
03.06.2027 01:00;1,6561
03.06.2027 02:00;1,5519
03.06.2027 03:00;1,6172
03.06.2027 04:00;1,6771
03.06.2027 05:00;1,7307
03.06.2027 06:00;2,0845
03.06.2027 07:00;2,7498
03.06.2027 08:00;3,3983
03.06.2027 09:00;3,57
03.06.2027 10:00;3,4807
03.06.2027 11:00;3,3529
03.06.2027 12:00;3,0689
03.06.2027 13:00;3,2824
03.06.2027 14:00;3,3956
03.06.2027 15:00;3,3912
03.06.2027 16:00;3,4172
03.06.2027 17:00;3,0324
03.06.2027 18:00;2,7582
03.06.2027 19:00;2,3883
03.06.2027 20:00;2,0338
03.06.2027 21:00;2,0752
03.06.2027 22:00;1,9469
03.06.2027 23:00;1,8112
04.06.2027 00:00;1,845
04.06.2027 01:00;1,6959
04.06.2027 02:00;1,6232
04.06.2027 03:00;1,6771
04.06.2027 04:00;1,6698
04.06.2027 05:00;1,8094
04.06.2027 06:00;2,0449
04.06.2027 07:00;2,7934
04.06.2027 08:00;3,4917
04.06.2027 09:00;3,4927
04.06.2027 10:00;3,6164
04.06.2027 11:00;3,5266
04.06.2027 12:00;3,1098
04.06.2027 13:00;3,2496
04.06.2027 14:00;3,5668
04.06.2027 15:00;3,433
04.06.2027 16:00;3,5475
04.06.2027 17:00;3,0605
04.06.2027 18:00;2,7392
04.06.2027 19:00;2,2232
04.06.2027 20:00;2,111
04.06.2027 21:00;1,9596
04.06.2027 22:00;1,9391
04.06.2027 23:00;1,8959
05.06.2027 00:00;1,3843
05.06.2027 01:00;1,306
05.06.2027 02:00;1,2392
05.06.2027 03:00;1,3005
05.06.2027 04:00;1,3481
05.06.2027 05:00;1,3891
05.06.2027 06:00;1,4498
05.06.2027 07:00;1,509
05.06.2027 08:00;1,6341
05.06.2027 09:00;1,7048
05.06.2027 10:00;1,7609
05.06.2027 11:00;1,6676
05.06.2027 12:00;1,6841
05.06.2027 13:00;1,6314
05.06.2027 14:00;1,8126
05.06.2027 15:00;1,7398
05.06.2027 16:00;1,7774
05.06.2027 17:00;1,6522
05.06.2027 18:00;1,488
05.06.2027 19:00;1,446
05.06.2027 20:00;1,5029
05.06.2027 21:00;1,4913
05.06.2027 22:00;1,416
05.06.2027 23:00;1,3003
06.06.2027 00:00;1,3334
06.06.2027 01:00;1,3253
06.06.2027 02:00;1,2251
06.06.2027 03:00;1,2737
06.06.2027 04:00;1,3121
06.06.2027 05:00;1,3987
06.06.2027 06:00;1,4311
06.06.2027 07:00;1,5751
06.06.2027 08:00;1,6882
06.06.2027 09:00;1,7205
06.06.2027 10:00;1,7973
06.06.2027 11:00;1,6963
06.06.2027 12:00;1,6847
06.06.2027 13:00;1,6141
06.06.2027 14:00;1,8016
06.06.2027 15:00;1,6889
06.06.2027 16:00;1,7364
06.06.2027 17:00;1,6732
06.06.2027 18:00;1,5578
06.06.2027 19:00;1,4857
06.06.2027 20:00;1,4402
06.06.2027 21:00;1,4653
06.06.2027 22:00;1,3791
06.06.2027 23:00;1,3544
07.06.2027 00:00;1,8135
07.06.2027 01:00;1,5878
07.06.2027 02:00;1,7033
07.06.2027 03:00;1,6572
07.06.2027 04:00;1,6353
07.06.2027 05:00;1,7036
07.06.2027 06:00;2,1899
07.06.2027 07:00;2,8906
07.06.2027 08:00;3,2005
07.06.2027 09:00;3,4133
07.06.2027 10:00;3,6371
07.06.2027 11:00;3,6931
07.06.2027 12:00;3,0917
07.06.2027 13:00;3,4161
07.06.2027 14:00;3,3676
07.06.2027 15:00;3,4978
07.06.2027 16:00;3,3732
07.06.2027 17:00;3,1029
07.06.2027 18:00;2,8423
07.06.2027 19:00;2,3031
07.06.2027 20:00;1,9933
07.06.2027 21:00;1,9804
07.06.2027 22:00;1,9949
07.06.2027 23:00;1,9441
08.06.2027 00:00;1,8152
08.06.2027 01:00;1,7449
08.06.2027 02:00;1,5717
08.06.2027 03:00;1,7128
08.06.2027 04:00;1,7888
08.06.2027 05:00;1,6812
08.06.2027 06:00;2,0953
08.06.2027 07:00;2,9281
08.06.2027 08:00;3,314
08.06.2027 09:00;3,5049
08.06.2027 10:00;3,7323
08.06.2027 11:00;3,4763
08.06.2027 12:00;3,1025
08.06.2027 13:00;3,3559
08.06.2027 14:00;3,4324
08.06.2027 15:00;3,4989
08.06.2027 16:00;3,6006
08.06.2027 17:00;3,1918
08.06.2027 18:00;2,6287
08.06.2027 19:00;2,3015
08.06.2027 20:00;2,0211
08.06.2027 21:00;1,9008
08.06.2027 22:00;1,9047
08.06.2027 23:00;1,8642
09.06.2027 00:00;1,7864
09.06.2027 01:00;1,7448
09.06.2027 02:00;1,6081
09.06.2027 03:00;1,6046
09.06.2027 04:00;1,7808
09.06.2027 05:00;1,8102
09.06.2027 06:00;2,0579
09.06.2027 07:00;2,8101
09.06.2027 08:00;3,3994
09.06.2027 09:00;3,4173
09.06.2027 10:00;3,6266
09.06.2027 11:00;3,4497
09.06.2027 12:00;2,9346
09.06.2027 13:00;3,2615
09.06.2027 14:00;3,5783
09.06.2027 15:00;3,4027
09.06.2027 16:00;3,3807
09.06.2027 17:00;3,0693
09.06.2027 18:00;2,5477
09.06.2027 19:00;2,217
09.06.2027 20:00;1,9872
09.06.2027 21:00;2,0177
09.06.2027 22:00;1,8416
09.06.2027 23:00;1,9041
10.06.2027 00:00;1,7908
10.06.2027 01:00;1,6912
10.06.2027 02:00;1,5904
10.06.2027 03:00;1,7296
10.06.2027 04:00;1,6841
10.06.2027 05:00;1,7469
10.06.2027 06:00;2,2197
10.06.2027 07:00;2,8023
10.06.2027 08:00;3,2518
10.06.2027 09:00;3,4814
10.06.2027 10:00;3,7049
10.06.2027 11:00;3,4269
10.06.2027 12:00;3,1406
10.06.2027 13:00;3,2809
10.06.2027 14:00;3,3353
10.06.2027 15:00;3,3837
10.06.2027 16:00;3,3817
10.06.2027 17:00;3,1237
10.06.2027 18:00;2,6604
10.06.2027 19:00;2,2195
10.06.2027 20:00;1,9411
10.06.2027 21:00;1,8159
10.06.2027 22:00;1,8278
10.06.2027 23:00;1,9029
11.06.2027 00:00;1,7538
11.06.2027 01:00;1,6567
11.06.2027 02:00;1,7012
11.06.2027 03:00;1,6842
11.06.2027 04:00;1,758
11.06.2027 05:00;1,7385
11.06.2027 06:00;2,1759
11.06.2027 07:00;2,668
11.06.2027 08:00;3,3249
11.06.2027 09:00;3,5996
11.06.2027 10:00;3,3188
11.06.2027 11:00;3,2676
11.06.2027 12:00;2,9145
11.06.2027 13:00;3,1409
11.06.2027 14:00;3,4528
11.06.2027 15:00;3,3709
11.06.2027 16:00;3,2088
11.06.2027 17:00;3,111
11.06.2027 18:00;2,6215
11.06.2027 19:00;2,2622
11.06.2027 20:00;2,0269
11.06.2027 21:00;1,9632
11.06.2027 22:00;1,974
11.06.2027 23:00;1,7656
12.06.2027 00:00;1,3491
12.06.2027 01:00;1,3134
12.06.2027 02:00;1,2328
12.06.2027 03:00;1,2661
12.06.2027 04:00;1,2762
12.06.2027 05:00;1,3013
12.06.2027 06:00;1,4497
12.06.2027 07:00;1,619
12.06.2027 08:00;1,6659
12.06.2027 09:00;1,5864
12.06.2027 10:00;1,7167
12.06.2027 11:00;1,7545
12.06.2027 12:00;1,6608
12.06.2027 13:00;1,6554
12.06.2027 14:00;1,6641
12.06.2027 15:00;1,8054
12.06.2027 16:00;1,7325
12.06.2027 17:00;1,6621
12.06.2027 18:00;1,6139
12.06.2027 19:00;1,4457
12.06.2027 20:00;1,4036
12.06.2027 21:00;1,4418
12.06.2027 22:00;1,3489
12.06.2027 23:00;1,3612
13.06.2027 00:00;1,2816
13.06.2027 01:00;1,2898
13.06.2027 02:00;1,2352
13.06.2027 03:00;1,2573
13.06.2027 04:00;1,3686
13.06.2027 05:00;1,3041
13.06.2027 06:00;1,4362
13.06.2027 07:00;1,5898
13.06.2027 08:00;1,6933
13.06.2027 09:00;1,7212
13.06.2027 10:00;1,7195
13.06.2027 11:00;1,5998
13.06.2027 12:00;1,5836
13.06.2027 13:00;1,6474
13.06.2027 14:00;1,6583
13.06.2027 15:00;1,7227
13.06.2027 16:00;1,7295
13.06.2027 17:00;1,681
13.06.2027 18:00;1,5707
13.06.2027 19:00;1,5424
13.06.2027 20:00;1,4895
13.06.2027 21:00;1,3687
13.06.2027 22:00;1,3563
13.06.2027 23:00;1,4175
14.06.2027 00:00;1,867
14.06.2027 01:00;1,6843
14.06.2027 02:00;1,6204
14.06.2027 03:00;1,5511
14.06.2027 04:00;1,6393
14.06.2027 05:00;1,742
14.06.2027 06:00;2,1554
14.06.2027 07:00;2,716
14.06.2027 08:00;3,322
14.06.2027 09:00;3,334
14.06.2027 10:00;3,5896
14.06.2027 11:00;3,3853
14.06.2027 12:00;2,857
14.06.2027 13:00;3,0921
14.06.2027 14:00;3,2478
14.06.2027 15:00;3,5253
14.06.2027 16:00;3,5289
14.06.2027 17:00;3,0638
14.06.2027 18:00;2,7836
14.06.2027 19:00;2,2484
14.06.2027 20:00;2,0398
14.06.2027 21:00;1,8903
14.06.2027 22:00;1,7272
14.06.2027 23:00;1,8736
15.06.2027 00:00;1,7844
15.06.2027 01:00;1,6481
15.06.2027 02:00;1,7166
15.06.2027 03:00;1,6803
15.06.2027 04:00;1,6411
15.06.2027 05:00;1,7647
15.06.2027 06:00;2,0039
15.06.2027 07:00;2,5536
15.06.2027 08:00;3,1155
15.06.2027 09:00;3,3918
15.06.2027 10:00;3,708
15.06.2027 11:00;3,4648
15.06.2027 12:00;2,9378
15.06.2027 13:00;3,4305
15.06.2027 14:00;3,371
15.06.2027 15:00;3,4232
15.06.2027 16:00;3,4561
15.06.2027 17:00;3,1211
15.06.2027 18:00;2,7863
15.06.2027 19:00;2,2421
15.06.2027 20:00;1,9205
15.06.2027 21:00;1,8805
15.06.2027 22:00;1,7675
15.06.2027 23:00;1,8583
16.06.2027 00:00;1,7371
16.06.2027 01:00;1,7049
16.06.2027 02:00;1,5964
16.06.2027 03:00;1,6632
16.06.2027 04:00;1,6099
16.06.2027 05:00;1,7941
16.06.2027 06:00;2,141
16.06.2027 07:00;2,6838
16.06.2027 08:00;3,1574
16.06.2027 09:00;3,2826
16.06.2027 10:00;3,4776
16.06.2027 11:00;3,2888
16.06.2027 12:00;3,0128
16.06.2027 13:00;3,2402
16.06.2027 14:00;3,2861
16.06.2027 15:00;3,4325
16.06.2027 16:00;3,2244
16.06.2027 17:00;3,1913
16.06.2027 18:00;2,6834
16.06.2027 19:00;2,3639
16.06.2027 20:00;1,9098
16.06.2027 21:00;1,9855
16.06.2027 22:00;1,7791
16.06.2027 23:00;1,7954
17.06.2027 00:00;1,6927
17.06.2027 01:00;1,6299
17.06.2027 02:00;1,5605
17.06.2027 03:00;1,6059
17.06.2027 04:00;1,6687
17.06.2027 05:00;1,629
17.06.2027 06:00;2,015
17.06.2027 07:00;2,5942
17.06.2027 08:00;2,9969
17.06.2027 09:00;3,6039
17.06.2027 10:00;3,4058
17.06.2027 11:00;3,374
17.06.2027 12:00;2,9336
17.06.2027 13:00;3,2177
17.06.2027 14:00;3,4439
17.06.2027 15:00;3,4367
17.06.2027 16:00;3,4576
17.06.2027 17:00;3,0315
17.06.2027 18:00;2,6258
17.06.2027 19:00;2,2603
17.06.2027 20:00;2,0207
17.06.2027 21:00;1,9578
17.06.2027 22:00;1,8662
17.06.2027 23:00;1,9061
18.06.2027 00:00;1,7221
18.06.2027 01:00;1,6469
18.06.2027 02:00;1,6103
18.06.2027 03:00;1,6554
18.06.2027 04:00;1,6168
18.06.2027 05:00;1,5779
18.06.2027 06:00;1,9438
18.06.2027 07:00;2,6854
18.06.2027 08:00;3,1887
18.06.2027 09:00;3,4777
18.06.2027 10:00;3,3332
18.06.2027 11:00;3,4576
18.06.2027 12:00;2,9236
18.06.2027 13:00;3,2055
18.06.2027 14:00;3,3985
18.06.2027 15:00;3,4822
18.06.2027 16:00;3,426
18.06.2027 17:00;3,1696
18.06.2027 18:00;2,6537
18.06.2027 19:00;2,2518
18.06.2027 20:00;2,0666
18.06.2027 21:00;1,8928
18.06.2027 22:00;1,7962
18.06.2027 23:00;1,7877
19.06.2027 00:00;1,3555
19.06.2027 01:00;1,3777
19.06.2027 02:00;1,2383
19.06.2027 03:00;1,1921
19.06.2027 04:00;1,2551
19.06.2027 05:00;1,3005
19.06.2027 06:00;1,4148
19.06.2027 07:00;1,563
19.06.2027 08:00;1,5933
19.06.2027 09:00;1,7798
19.06.2027 10:00;1,5384
19.06.2027 11:00;1,7056
19.06.2027 12:00;1,617
19.06.2027 13:00;1,5628
19.06.2027 14:00;1,6576
19.06.2027 15:00;1,6565
19.06.2027 16:00;1,7399
19.06.2027 17:00;1,6037
19.06.2027 18:00;1,507
19.06.2027 19:00;1,5455
19.06.2027 20:00;1,4735
19.06.2027 21:00;1,4191
19.06.2027 22:00;1,2823
19.06.2027 23:00;1,3813
20.06.2027 00:00;1,3657
20.06.2027 01:00;1,338
20.06.2027 02:00;1,2366
20.06.2027 03:00;1,2335
20.06.2027 04:00;1,2867
20.06.2027 05:00;1,3349
20.06.2027 06:00;1,5067
20.06.2027 07:00;1,5374
20.06.2027 08:00;1,5921
20.06.2027 09:00;1,6189
20.06.2027 10:00;1,6445
20.06.2027 11:00;1,6157
20.06.2027 12:00;1,6233
20.06.2027 13:00;1,6107
20.06.2027 14:00;1,6683
20.06.2027 15:00;1,5648
20.06.2027 16:00;1,6706
20.06.2027 17:00;1,6058
20.06.2027 18:00;1,5154
20.06.2027 19:00;1,4994
20.06.2027 20:00;1,4026
20.06.2027 21:00;1,4611
20.06.2027 22:00;1,3175
20.06.2027 23:00;1,3615
21.06.2027 00:00;1,7654
21.06.2027 01:00;1,608
21.06.2027 02:00;1,5803
21.06.2027 03:00;1,5727
21.06.2027 04:00;1,6568
21.06.2027 05:00;1,6907
21.06.2027 06:00;2,0304
21.06.2027 07:00;2,5989
21.06.2027 08:00;3,0317
21.06.2027 09:00;3,3185
21.06.2027 10:00;3,4259
21.06.2027 11:00;3,3386
21.06.2027 12:00;2,9693
21.06.2027 13:00;3,2354
21.06.2027 14:00;3,3022
21.06.2027 15:00;3,2938
21.06.2027 16:00;3,2002
21.06.2027 17:00;3,1719
21.06.2027 18:00;2,5994
21.06.2027 19:00;2,2864
21.06.2027 20:00;1,9997
21.06.2027 21:00;1,8889
21.06.2027 22:00;1,8645
21.06.2027 23:00;1,7649
22.06.2027 00:00;1,626
22.06.2027 01:00;1,6461
22.06.2027 02:00;1,6021
22.06.2027 03:00;1,5829
22.06.2027 04:00;1,6181
22.06.2027 05:00;1,6798
22.06.2027 06:00;2,015
22.06.2027 07:00;2,7417
22.06.2027 08:00;3,1262
22.06.2027 09:00;3,5777
22.06.2027 10:00;3,4072
22.06.2027 11:00;3,4135
22.06.2027 12:00;2,9883
22.06.2027 13:00;2,9738
22.06.2027 14:00;3,2889
22.06.2027 15:00;3,2988
22.06.2027 16:00;3,2442
22.06.2027 17:00;3,147
22.06.2027 18:00;2,6637
22.06.2027 19:00;2,1931
22.06.2027 20:00;1,9584
22.06.2027 21:00;1,8881
22.06.2027 22:00;1,8228
22.06.2027 23:00;1,8018
23.06.2027 00:00;1,8007
23.06.2027 01:00;1,5971
23.06.2027 02:00;1,5174
23.06.2027 03:00;1,5616
23.06.2027 04:00;1,6366
23.06.2027 05:00;1,7271
23.06.2027 06:00;2,015
23.06.2027 07:00;2,7159
23.06.2027 08:00;3,0347
23.06.2027 09:00;3,4804
23.06.2027 10:00;3,5576
23.06.2027 11:00;3,3986
23.06.2027 12:00;2,8891
23.06.2027 13:00;3,1974
23.06.2027 14:00;3,3415
23.06.2027 15:00;3,2561
23.06.2027 16:00;3,2933
23.06.2027 17:00;3,1017
23.06.2027 18:00;2,7347
23.06.2027 19:00;2,0757
23.06.2027 20:00;2,0245
23.06.2027 21:00;1,7337
23.06.2027 22:00;1,8429
23.06.2027 23:00;1,8265
24.06.2027 00:00;1,7087
24.06.2027 01:00;1,6447
24.06.2027 02:00;1,5695
24.06.2027 03:00;1,5587
24.06.2027 04:00;1,5908
24.06.2027 05:00;1,6797
24.06.2027 06:00;2,0093
24.06.2027 07:00;2,6041
24.06.2027 08:00;2,9757
24.06.2027 09:00;3,4313
24.06.2027 10:00;3,3496
24.06.2027 11:00;3,3998
24.06.2027 12:00;3,0291
24.06.2027 13:00;3,0318
24.06.2027 14:00;3,4397
24.06.2027 15:00;3,4134
24.06.2027 16:00;3,2109
24.06.2027 17:00;3,0145
24.06.2027 18:00;2,6763
24.06.2027 19:00;2,3425
24.06.2027 20:00;1,923
24.06.2027 21:00;1,6988
24.06.2027 22:00;1,9862
24.06.2027 23:00;1,8003
25.06.2027 00:00;1,6795
25.06.2027 01:00;1,639
25.06.2027 02:00;1,5909
25.06.2027 03:00;1,6325
25.06.2027 04:00;1,6264
25.06.2027 05:00;1,7074
25.06.2027 06:00;2,0508
25.06.2027 07:00;2,6076
25.06.2027 08:00;3,002
25.06.2027 09:00;3,3945
25.06.2027 10:00;3,5221
25.06.2027 11:00;3,374
25.06.2027 12:00;3,0486
25.06.2027 13:00;3,26
25.06.2027 14:00;3,4644
25.06.2027 15:00;3,4835
25.06.2027 16:00;3,1643
25.06.2027 17:00;3,1131
25.06.2027 18:00;2,5841
25.06.2027 19:00;2,4103
25.06.2027 20:00;1,9749
25.06.2027 21:00;1,9111
25.06.2027 22:00;1,9111
25.06.2027 23:00;1,7326
26.06.2027 00:00;1,3435
26.06.2027 01:00;1,2394
26.06.2027 02:00;1,2613
26.06.2027 03:00;1,2202
26.06.2027 04:00;1,267
26.06.2027 05:00;1,2651
26.06.2027 06:00;1,4697
26.06.2027 07:00;1,5446
26.06.2027 08:00;1,7096
26.06.2027 09:00;1,639
26.06.2027 10:00;1,5872
26.06.2027 11:00;1,6009
26.06.2027 12:00;1,5041
26.06.2027 13:00;1,4716
26.06.2027 14:00;1,5842
26.06.2027 15:00;1,6542
26.06.2027 16:00;1,6673
26.06.2027 17:00;1,7414
26.06.2027 18:00;1,5106
26.06.2027 19:00;1,4661
26.06.2027 20:00;1,3757
26.06.2027 21:00;1,3636
26.06.2027 22:00;1,3972
26.06.2027 23:00;1,306
27.06.2027 00:00;1,358
27.06.2027 01:00;1,2309
27.06.2027 02:00;1,2272
27.06.2027 03:00;1,2359
27.06.2027 04:00;1,2688
27.06.2027 05:00;1,343
27.06.2027 06:00;1,3733
27.06.2027 07:00;1,5592
27.06.2027 08:00;1,6212
27.06.2027 09:00;1,684
27.06.2027 10:00;1,6439
27.06.2027 11:00;1,6136
27.06.2027 12:00;1,6346
27.06.2027 13:00;1,6704
27.06.2027 14:00;1,614
27.06.2027 15:00;1,6091
27.06.2027 16:00;1,6673
27.06.2027 17:00;1,6834
27.06.2027 18:00;1,5046
27.06.2027 19:00;1,4341
27.06.2027 20:00;1,4762
27.06.2027 21:00;1,3549
27.06.2027 22:00;1,3153
27.06.2027 23:00;1,4
28.06.2027 00:00;1,7374
28.06.2027 01:00;1,6001
28.06.2027 02:00;1,5532
28.06.2027 03:00;1,5514
28.06.2027 04:00;1,6088
28.06.2027 05:00;1,7783
28.06.2027 06:00;2,0774
28.06.2027 07:00;2,6051
28.06.2027 08:00;3,0892
28.06.2027 09:00;3,3068
28.06.2027 10:00;3,3263
28.06.2027 11:00;3,5018
28.06.2027 12:00;2,9687
28.06.2027 13:00;2,9829
28.06.2027 14:00;3,3399
28.06.2027 15:00;3,2789
28.06.2027 16:00;3,1173
28.06.2027 17:00;2,9839
28.06.2027 18:00;2,6642
28.06.2027 19:00;2,1579
28.06.2027 20:00;1,9278
28.06.2027 21:00;1,7627
28.06.2027 22:00;1,8908
28.06.2027 23:00;1,7976
29.06.2027 00:00;1,6339
29.06.2027 01:00;1,6024
29.06.2027 02:00;1,5566
29.06.2027 03:00;1,5825
29.06.2027 04:00;1,619
29.06.2027 05:00;1,6451
29.06.2027 06:00;2,0077
29.06.2027 07:00;2,6621
29.06.2027 08:00;3,1906
29.06.2027 09:00;3,2741
29.06.2027 10:00;3,3968
29.06.2027 11:00;3,416
29.06.2027 12:00;2,8507
29.06.2027 13:00;3,1768
29.06.2027 14:00;3,1922
29.06.2027 15:00;3,2164
29.06.2027 16:00;3,124
29.06.2027 17:00;3,093
29.06.2027 18:00;2,5629
29.06.2027 19:00;2,1795
29.06.2027 20:00;1,9136
29.06.2027 21:00;1,8885
29.06.2027 22:00;1,799
29.06.2027 23:00;1,7081
30.06.2027 00:00;1,7069
30.06.2027 01:00;1,6374
30.06.2027 02:00;1,6147
30.06.2027 03:00;1,5432
30.06.2027 04:00;1,6324
30.06.2027 05:00;1,7444
30.06.2027 06:00;1,964
30.06.2027 07:00;2,478
30.06.2027 08:00;3,1084
30.06.2027 09:00;3,3373
30.06.2027 10:00;3,3986
30.06.2027 11:00;3,3386
30.06.2027 12:00;2,9719
30.06.2027 13:00;3,2715
30.06.2027 14:00;3,2999
30.06.2027 15:00;3,5267
30.06.2027 16:00;3,2245
30.06.2027 17:00;3,0924
30.06.2027 18:00;2,6966
30.06.2027 19:00;2,2273
30.06.2027 20:00;1,9429
30.06.2027 21:00;1,964
30.06.2027 22:00;1,8107
30.06.2027 23:00;1,7881
01.07.2027 00:00;1,7644
01.07.2027 01:00;1,5458
01.07.2027 02:00;1,5983
01.07.2027 03:00;1,5872
01.07.2027 04:00;1,6498
01.07.2027 05:00;1,8026
01.07.2027 06:00;2,073
01.07.2027 07:00;2,5368
01.07.2027 08:00;2,8667
01.07.2027 09:00;3,3673
01.07.2027 10:00;3,3656
01.07.2027 11:00;3,4548
01.07.2027 12:00;2,9472
01.07.2027 13:00;3,1857
01.07.2027 14:00;3,2518
01.07.2027 15:00;3,1724
01.07.2027 16:00;3,3221
01.07.2027 17:00;3,0103
01.07.2027 18:00;2,6299
01.07.2027 19:00;2,2869
01.07.2027 20:00;2,0337
01.07.2027 21:00;1,8981
01.07.2027 22:00;1,8125
01.07.2027 23:00;1,8446
02.07.2027 00:00;1,7648
02.07.2027 01:00;1,7103
02.07.2027 02:00;1,6153
02.07.2027 03:00;1,6401
02.07.2027 04:00;1,6631
02.07.2027 05:00;1,8128
02.07.2027 06:00;1,986
02.07.2027 07:00;2,5936
02.07.2027 08:00;3,2151
02.07.2027 09:00;3,1187
02.07.2027 10:00;3,4501
02.07.2027 11:00;3,3818
02.07.2027 12:00;2,8621
02.07.2027 13:00;3,1946
02.07.2027 14:00;3,2201
02.07.2027 15:00;3,5325
02.07.2027 16:00;3,1222
02.07.2027 17:00;2,9835
02.07.2027 18:00;2,6169
02.07.2027 19:00;2,1972
02.07.2027 20:00;1,9595
02.07.2027 21:00;1,8077
02.07.2027 22:00;1,8287
02.07.2027 23:00;1,7633
03.07.2027 00:00;1,3345
03.07.2027 01:00;1,2381
03.07.2027 02:00;1,2013
03.07.2027 03:00;1,3057
03.07.2027 04:00;1,1519
03.07.2027 05:00;1,3225
03.07.2027 06:00;1,454
03.07.2027 07:00;1,6402
03.07.2027 08:00;1,6398
03.07.2027 09:00;1,6438
03.07.2027 10:00;1,5586
03.07.2027 11:00;1,6324
03.07.2027 12:00;1,5993
03.07.2027 13:00;1,5933
03.07.2027 14:00;1,5987
03.07.2027 15:00;1,6056
03.07.2027 16:00;1,5936
03.07.2027 17:00;1,6989
03.07.2027 18:00;1,4929
03.07.2027 19:00;1,4072
03.07.2027 20:00;1,4273
03.07.2027 21:00;1,356
03.07.2027 22:00;1,2853
03.07.2027 23:00;1,3299
04.07.2027 00:00;1,2466
04.07.2027 01:00;1,2887
04.07.2027 02:00;1,2558
04.07.2027 03:00;1,2348
04.07.2027 04:00;1,2373
04.07.2027 05:00;1,2891
04.07.2027 06:00;1,3617
04.07.2027 07:00;1,3698
04.07.2027 08:00;1,5846
04.07.2027 09:00;1,6942
04.07.2027 10:00;1,69
04.07.2027 11:00;1,5683
04.07.2027 12:00;1,5035
04.07.2027 13:00;1,5635
04.07.2027 14:00;1,5495
04.07.2027 15:00;1,6269
04.07.2027 16:00;1,6541
04.07.2027 17:00;1,5706
04.07.2027 18:00;1,5285
04.07.2027 19:00;1,4261
04.07.2027 20:00;1,389
04.07.2027 21:00;1,4368
04.07.2027 22:00;1,369
04.07.2027 23:00;1,2003
05.07.2027 00:00;1,7403
05.07.2027 01:00;1,6078
05.07.2027 02:00;1,5889
05.07.2027 03:00;1,5127
05.07.2027 04:00;1,6922
05.07.2027 05:00;1,6653
05.07.2027 06:00;1,9804
05.07.2027 07:00;2,7035
05.07.2027 08:00;3,12
05.07.2027 09:00;3,2505
05.07.2027 10:00;3,5988
05.07.2027 11:00;3,4606
05.07.2027 12:00;2,979
05.07.2027 13:00;2,9171
05.07.2027 14:00;3,3627
05.07.2027 15:00;3,3357
05.07.2027 16:00;3,2036
05.07.2027 17:00;3,115
05.07.2027 18:00;2,5743
05.07.2027 19:00;2,2135
05.07.2027 20:00;1,8794
05.07.2027 21:00;1,8604
05.07.2027 22:00;1,7561
05.07.2027 23:00;1,8392
06.07.2027 00:00;1,7111
06.07.2027 01:00;1,4941
06.07.2027 02:00;1,5701
06.07.2027 03:00;1,6355
06.07.2027 04:00;1,5942
06.07.2027 05:00;1,7823
06.07.2027 06:00;2,1147
06.07.2027 07:00;2,6964
06.07.2027 08:00;3,1511
06.07.2027 09:00;3,3173
06.07.2027 10:00;3,3273
06.07.2027 11:00;3,3391
06.07.2027 12:00;2,995
06.07.2027 13:00;3,1292
06.07.2027 14:00;3,3234
06.07.2027 15:00;3,433
06.07.2027 16:00;3,1762
06.07.2027 17:00;2,9683
06.07.2027 18:00;2,6696
06.07.2027 19:00;2,2009
06.07.2027 20:00;1,8948
06.07.2027 21:00;1,8046
06.07.2027 22:00;1,8143
06.07.2027 23:00;1,7893
07.07.2027 00:00;1,6341
07.07.2027 01:00;1,6456
07.07.2027 02:00;1,569
07.07.2027 03:00;1,6485
07.07.2027 04:00;1,6667
07.07.2027 05:00;1,6901
07.07.2027 06:00;2,0197
07.07.2027 07:00;2,5391
07.07.2027 08:00;3,0066
07.07.2027 09:00;3,3105
07.07.2027 10:00;3,4133
07.07.2027 11:00;3,1407
07.07.2027 12:00;2,9364
07.07.2027 13:00;3,2415
07.07.2027 14:00;3,3325
07.07.2027 15:00;3,1824
07.07.2027 16:00;3,2772
07.07.2027 17:00;3,0108
07.07.2027 18:00;2,7427
07.07.2027 19:00;2,1143
07.07.2027 20:00;1,9625
07.07.2027 21:00;1,8088
07.07.2027 22:00;1,8288
07.07.2027 23:00;1,7445
08.07.2027 00:00;1,612
08.07.2027 01:00;1,4956
08.07.2027 02:00;1,6081
08.07.2027 03:00;1,5564
08.07.2027 04:00;1,6016
08.07.2027 05:00;1,7358
08.07.2027 06:00;2,0521
08.07.2027 07:00;2,5845
08.07.2027 08:00;3,006
08.07.2027 09:00;3,4539
08.07.2027 10:00;3,3744
08.07.2027 11:00;3,269
08.07.2027 12:00;2,8125
08.07.2027 13:00;2,9398
08.07.2027 14:00;3,3365
08.07.2027 15:00;3,3365
08.07.2027 16:00;3,2109
08.07.2027 17:00;3,0797
08.07.2027 18:00;2,5944
08.07.2027 19:00;2,1646
08.07.2027 20:00;1,964
08.07.2027 21:00;1,8695
08.07.2027 22:00;1,7157
08.07.2027 23:00;1,7189
09.07.2027 00:00;1,6244
09.07.2027 01:00;1,61
09.07.2027 02:00;1,6233
09.07.2027 03:00;1,5551
09.07.2027 04:00;1,6057
09.07.2027 05:00;1,7799
09.07.2027 06:00;2,001
09.07.2027 07:00;2,5903
09.07.2027 08:00;3,1832
09.07.2027 09:00;3,3765
09.07.2027 10:00;3,4046
09.07.2027 11:00;3,2246
09.07.2027 12:00;2,8916
09.07.2027 13:00;3,0827
09.07.2027 14:00;3,2873
09.07.2027 15:00;3,2744
09.07.2027 16:00;3,2967
09.07.2027 17:00;2,9855
09.07.2027 18:00;2,5028
09.07.2027 19:00;2,1469
09.07.2027 20:00;1,8475
09.07.2027 21:00;1,8247
09.07.2027 22:00;1,8129
09.07.2027 23:00;1,6508
10.07.2027 00:00;1,2714
10.07.2027 01:00;1,2601
10.07.2027 02:00;1,2303
10.07.2027 03:00;1,1928
10.07.2027 04:00;1,2396
10.07.2027 05:00;1,2943
10.07.2027 06:00;1,3907
10.07.2027 07:00;1,5213
10.07.2027 08:00;1,5191
10.07.2027 09:00;1,6501
10.07.2027 10:00;1,5354
10.07.2027 11:00;1,5573
10.07.2027 12:00;1,5717
10.07.2027 13:00;1,5591
10.07.2027 14:00;1,516
10.07.2027 15:00;1,6728
10.07.2027 16:00;1,6543
10.07.2027 17:00;1,5933
10.07.2027 18:00;1,5315
10.07.2027 19:00;1,4583
10.07.2027 20:00;1,3556
10.07.2027 21:00;1,3164
10.07.2027 22:00;1,2867
10.07.2027 23:00;1,343
11.07.2027 00:00;1,2743
11.07.2027 01:00;1,2739
11.07.2027 02:00;1,2159
11.07.2027 03:00;1,2368
11.07.2027 04:00;1,2192
11.07.2027 05:00;1,3417
11.07.2027 06:00;1,3893
11.07.2027 07:00;1,4724
11.07.2027 08:00;1,6545
11.07.2027 09:00;1,6211
11.07.2027 10:00;1,6524
11.07.2027 11:00;1,5944
11.07.2027 12:00;1,5735
11.07.2027 13:00;1,5761
11.07.2027 14:00;1,5585
11.07.2027 15:00;1,7288
11.07.2027 16:00;1,63
11.07.2027 17:00;1,563
11.07.2027 18:00;1,4997
11.07.2027 19:00;1,4813
11.07.2027 20:00;1,3466
11.07.2027 21:00;1,366
11.07.2027 22:00;1,2564
11.07.2027 23:00;1,3331
12.07.2027 00:00;1,7055
12.07.2027 01:00;1,5563
12.07.2027 02:00;1,6238
12.07.2027 03:00;1,5788
12.07.2027 04:00;1,6591
12.07.2027 05:00;1,6893
12.07.2027 06:00;1,9142
12.07.2027 07:00;2,5973
12.07.2027 08:00;3,0172
12.07.2027 09:00;3,416
12.07.2027 10:00;3,3512
12.07.2027 11:00;3,3476
12.07.2027 12:00;2,9136
12.07.2027 13:00;2,984
12.07.2027 14:00;3,3991
12.07.2027 15:00;3,245
12.07.2027 16:00;3,3532
12.07.2027 17:00;2,9421
12.07.2027 18:00;2,6216
12.07.2027 19:00;2,3038
12.07.2027 20:00;1,8848
12.07.2027 21:00;1,8461
12.07.2027 22:00;1,8359
12.07.2027 23:00;1,736
13.07.2027 00:00;1,7184
13.07.2027 01:00;1,5924
13.07.2027 02:00;1,554
13.07.2027 03:00;1,5861
13.07.2027 04:00;1,6236
13.07.2027 05:00;1,641
13.07.2027 06:00;2,0254
13.07.2027 07:00;2,5289
13.07.2027 08:00;2,9773
13.07.2027 09:00;3,2771
13.07.2027 10:00;3,3193
13.07.2027 11:00;3,2965
13.07.2027 12:00;2,8444
13.07.2027 13:00;3,0176
13.07.2027 14:00;3,2224
13.07.2027 15:00;3,214
13.07.2027 16:00;3,1487
13.07.2027 17:00;3,018
13.07.2027 18:00;2,5118
13.07.2027 19:00;2,0787
13.07.2027 20:00;1,8325
13.07.2027 21:00;1,8307
13.07.2027 22:00;1,7632
13.07.2027 23:00;1,6508
14.07.2027 00:00;1,8269
14.07.2027 01:00;1,6758
14.07.2027 02:00;1,5718
14.07.2027 03:00;1,5737
14.07.2027 04:00;1,6133
14.07.2027 05:00;1,5749
14.07.2027 06:00;1,9392
14.07.2027 07:00;2,667
14.07.2027 08:00;3,0763
14.07.2027 09:00;3,2749
14.07.2027 10:00;3,4438
14.07.2027 11:00;3,1353
14.07.2027 12:00;3,0668
14.07.2027 13:00;3,2074
14.07.2027 14:00;3,2963
14.07.2027 15:00;3,3418
14.07.2027 16:00;3,2741
14.07.2027 17:00;3,0183
14.07.2027 18:00;2,6745
14.07.2027 19:00;2,1469
14.07.2027 20:00;1,9862
14.07.2027 21:00;1,8049
14.07.2027 22:00;1,7836
14.07.2027 23:00;1,7417
15.07.2027 00:00;1,6965
15.07.2027 01:00;1,6036
15.07.2027 02:00;1,6324
15.07.2027 03:00;1,6315
15.07.2027 04:00;1,6475
15.07.2027 05:00;1,6955
15.07.2027 06:00;2,013
15.07.2027 07:00;2,6323
15.07.2027 08:00;3,2118
15.07.2027 09:00;3,5076
15.07.2027 10:00;3,5004
15.07.2027 11:00;3,2755
15.07.2027 12:00;2,7211
15.07.2027 13:00;3,2295
15.07.2027 14:00;3,3356
15.07.2027 15:00;3,337
15.07.2027 16:00;3,1674
15.07.2027 17:00;3,0067
15.07.2027 18:00;2,5525
15.07.2027 19:00;2,1521
15.07.2027 20:00;1,8492
15.07.2027 21:00;1,8266
15.07.2027 22:00;1,8083
15.07.2027 23:00;1,7199
16.07.2027 00:00;1,7514
16.07.2027 01:00;1,5333
16.07.2027 02:00;1,5571
16.07.2027 03:00;1,5483
16.07.2027 04:00;1,6149
16.07.2027 05:00;1,7044
16.07.2027 06:00;2,0359
16.07.2027 07:00;2,6027
16.07.2027 08:00;2,9811
16.07.2027 09:00;3,3348
16.07.2027 10:00;3,415
16.07.2027 11:00;3,43
16.07.2027 12:00;2,8971
16.07.2027 13:00;2,9889
16.07.2027 14:00;3,4254
16.07.2027 15:00;3,4035
16.07.2027 16:00;3,3911
16.07.2027 17:00;3,1517
16.07.2027 18:00;2,5895
16.07.2027 19:00;2,315
16.07.2027 20:00;1,9249
16.07.2027 21:00;1,768
16.07.2027 22:00;1,8108
16.07.2027 23:00;1,7375
17.07.2027 00:00;1,2638
17.07.2027 01:00;1,2767
17.07.2027 02:00;1,1811
17.07.2027 03:00;1,2291
17.07.2027 04:00;1,2389
17.07.2027 05:00;1,3033
17.07.2027 06:00;1,4486
17.07.2027 07:00;1,4749
17.07.2027 08:00;1,5469
17.07.2027 09:00;1,6012
17.07.2027 10:00;1,6569
17.07.2027 11:00;1,6093
17.07.2027 12:00;1,5298
17.07.2027 13:00;1,4783
17.07.2027 14:00;1,5822
17.07.2027 15:00;1,6076
17.07.2027 16:00;1,664
17.07.2027 17:00;1,5923
17.07.2027 18:00;1,4905
17.07.2027 19:00;1,4654
17.07.2027 20:00;1,4323
17.07.2027 21:00;1,3709
17.07.2027 22:00;1,2533
17.07.2027 23:00;1,2813
18.07.2027 00:00;1,352
18.07.2027 01:00;1,2644
18.07.2027 02:00;1,2439
18.07.2027 03:00;1,2309
18.07.2027 04:00;1,2568
18.07.2027 05:00;1,2696
18.07.2027 06:00;1,4321
18.07.2027 07:00;1,513
18.07.2027 08:00;1,6488
18.07.2027 09:00;1,604
18.07.2027 10:00;1,5676
18.07.2027 11:00;1,5701
18.07.2027 12:00;1,561
18.07.2027 13:00;1,5905
18.07.2027 14:00;1,6442
18.07.2027 15:00;1,6185
18.07.2027 16:00;1,6235
18.07.2027 17:00;1,6443
18.07.2027 18:00;1,5244
18.07.2027 19:00;1,4378
18.07.2027 20:00;1,3548
18.07.2027 21:00;1,3545
18.07.2027 22:00;1,2552
18.07.2027 23:00;1,342
19.07.2027 00:00;1,608
19.07.2027 01:00;1,6539
19.07.2027 02:00;1,5551
19.07.2027 03:00;1,5661
19.07.2027 04:00;1,5503
19.07.2027 05:00;1,6489
19.07.2027 06:00;1,9524
19.07.2027 07:00;2,6394
19.07.2027 08:00;3,2331
19.07.2027 09:00;3,4224
19.07.2027 10:00;3,472
19.07.2027 11:00;3,3487
19.07.2027 12:00;3,02
19.07.2027 13:00;3,1736
19.07.2027 14:00;3,4045
19.07.2027 15:00;3,3436
19.07.2027 16:00;3,0742
19.07.2027 17:00;2,9875
19.07.2027 18:00;2,5885
19.07.2027 19:00;2,1199
19.07.2027 20:00;1,9486
19.07.2027 21:00;1,9895
19.07.2027 22:00;1,7773
19.07.2027 23:00;1,7242
20.07.2027 00:00;1,7
20.07.2027 01:00;1,6049
20.07.2027 02:00;1,5134
20.07.2027 03:00;1,6206
20.07.2027 04:00;1,6138
20.07.2027 05:00;1,6812
20.07.2027 06:00;2,019
20.07.2027 07:00;2,5197
20.07.2027 08:00;2,9694
20.07.2027 09:00;3,4102
20.07.2027 10:00;3,2835
20.07.2027 11:00;3,3532
20.07.2027 12:00;2,9599
20.07.2027 13:00;3,1186
20.07.2027 14:00;3,317
20.07.2027 15:00;3,2137
20.07.2027 16:00;3,2139
20.07.2027 17:00;3,0894
20.07.2027 18:00;2,6376
20.07.2027 19:00;2,0565
20.07.2027 20:00;1,8433
20.07.2027 21:00;1,842
20.07.2027 22:00;1,8311
20.07.2027 23:00;1,7596
21.07.2027 00:00;1,7292
21.07.2027 01:00;1,5536
21.07.2027 02:00;1,6194
21.07.2027 03:00;1,5837
21.07.2027 04:00;1,583
21.07.2027 05:00;1,6814
21.07.2027 06:00;1,9863
21.07.2027 07:00;2,587
21.07.2027 08:00;3,0167
21.07.2027 09:00;3,3015
21.07.2027 10:00;3,5569
21.07.2027 11:00;3,3022
21.07.2027 12:00;2,9624
21.07.2027 13:00;3,1601
21.07.2027 14:00;3,1957
21.07.2027 15:00;3,3145
21.07.2027 16:00;3,2096
21.07.2027 17:00;2,9386
21.07.2027 18:00;2,5241
21.07.2027 19:00;2,1779
21.07.2027 20:00;1,9257
21.07.2027 21:00;1,8716
21.07.2027 22:00;1,738
21.07.2027 23:00;1,8183
22.07.2027 00:00;1,6592
22.07.2027 01:00;1,6043
22.07.2027 02:00;1,6129
22.07.2027 03:00;1,5332
22.07.2027 04:00;1,6591
22.07.2027 05:00;1,7164
22.07.2027 06:00;2,0971
22.07.2027 07:00;2,6425
22.07.2027 08:00;3,0449
22.07.2027 09:00;3,3341
22.07.2027 10:00;3,4114
22.07.2027 11:00;3,2239
22.07.2027 12:00;2,9402
22.07.2027 13:00;3,0893
22.07.2027 14:00;3,2076
22.07.2027 15:00;3,2783
22.07.2027 16:00;3,2374
22.07.2027 17:00;2,9741
22.07.2027 18:00;2,5731
22.07.2027 19:00;2,1768
22.07.2027 20:00;1,9894
22.07.2027 21:00;1,8518
22.07.2027 22:00;1,7871
22.07.2027 23:00;1,6614
23.07.2027 00:00;1,6284
23.07.2027 01:00;1,5115
23.07.2027 02:00;1,5866
23.07.2027 03:00;1,6087
23.07.2027 04:00;1,6548
23.07.2027 05:00;1,6696
23.07.2027 06:00;2,0157
23.07.2027 07:00;2,4747
23.07.2027 08:00;3,0128
23.07.2027 09:00;3,2334
23.07.2027 10:00;3,5338
23.07.2027 11:00;3,2728
23.07.2027 12:00;2,8066
23.07.2027 13:00;3,0681
23.07.2027 14:00;3,445
23.07.2027 15:00;3,2509
23.07.2027 16:00;3,2367
23.07.2027 17:00;2,8282
23.07.2027 18:00;2,5758
23.07.2027 19:00;2,1898
23.07.2027 20:00;1,8831
23.07.2027 21:00;1,8991
23.07.2027 22:00;1,7433
23.07.2027 23:00;1,7539
24.07.2027 00:00;1,3019
24.07.2027 01:00;1,2496
24.07.2027 02:00;1,198
24.07.2027 03:00;1,1801
24.07.2027 04:00;1,2515
24.07.2027 05:00;1,2454
24.07.2027 06:00;1,3675
24.07.2027 07:00;1,4158
24.07.2027 08:00;1,645
24.07.2027 09:00;1,7015
24.07.2027 10:00;1,6473
24.07.2027 11:00;1,6588
24.07.2027 12:00;1,4949
24.07.2027 13:00;1,4976
24.07.2027 14:00;1,5698
24.07.2027 15:00;1,7196
24.07.2027 16:00;1,6506
24.07.2027 17:00;1,5854
24.07.2027 18:00;1,455
24.07.2027 19:00;1,3979
24.07.2027 20:00;1,3922
24.07.2027 21:00;1,3168
24.07.2027 22:00;1,2903
24.07.2027 23:00;1,3391
25.07.2027 00:00;1,36
25.07.2027 01:00;1,2886
25.07.2027 02:00;1,1965
25.07.2027 03:00;1,2216
25.07.2027 04:00;1,2348
25.07.2027 05:00;1,2961
25.07.2027 06:00;1,3809
25.07.2027 07:00;1,5834
25.07.2027 08:00;1,6237
25.07.2027 09:00;1,6628
25.07.2027 10:00;1,751
25.07.2027 11:00;1,6571
25.07.2027 12:00;1,6308
25.07.2027 13:00;1,6086
25.07.2027 14:00;1,7058
25.07.2027 15:00;1,631
25.07.2027 16:00;1,7312
25.07.2027 17:00;1,627
25.07.2027 18:00;1,4969
25.07.2027 19:00;1,4535
25.07.2027 20:00;1,3993
25.07.2027 21:00;1,3184
25.07.2027 22:00;1,3757
25.07.2027 23:00;1,2559
26.07.2027 00:00;1,7586
26.07.2027 01:00;1,6107
26.07.2027 02:00;1,5105
26.07.2027 03:00;1,5698
26.07.2027 04:00;1,6405
26.07.2027 05:00;1,6001
26.07.2027 06:00;1,9048
26.07.2027 07:00;2,6653
26.07.2027 08:00;3,0744
26.07.2027 09:00;3,3181
26.07.2027 10:00;3,4421
26.07.2027 11:00;3,2365
26.07.2027 12:00;2,8768
26.07.2027 13:00;3,1689
26.07.2027 14:00;3,2541
26.07.2027 15:00;3,2498
26.07.2027 16:00;3,0686
26.07.2027 17:00;3,1056
26.07.2027 18:00;2,6188
26.07.2027 19:00;2,2308
26.07.2027 20:00;1,9135
26.07.2027 21:00;1,7749
26.07.2027 22:00;1,7263
26.07.2027 23:00;1,6872
27.07.2027 00:00;1,7396
27.07.2027 01:00;1,6272
27.07.2027 02:00;1,5923
27.07.2027 03:00;1,5398
27.07.2027 04:00;1,6698
27.07.2027 05:00;1,8135
27.07.2027 06:00;1,9818
27.07.2027 07:00;2,661
27.07.2027 08:00;2,877
27.07.2027 09:00;3,2297
27.07.2027 10:00;3,4156
27.07.2027 11:00;3,2041
27.07.2027 12:00;2,9066
27.07.2027 13:00;3,0821
27.07.2027 14:00;3,2908
27.07.2027 15:00;3,2233
27.07.2027 16:00;3,2289
27.07.2027 17:00;3,1027
27.07.2027 18:00;2,515
27.07.2027 19:00;2,2004
27.07.2027 20:00;1,9279
27.07.2027 21:00;1,8965
27.07.2027 22:00;1,8139
27.07.2027 23:00;1,8271
28.07.2027 00:00;1,5846
28.07.2027 01:00;1,5841
28.07.2027 02:00;1,5974
28.07.2027 03:00;1,5872
28.07.2027 04:00;1,4936
28.07.2027 05:00;1,7522
28.07.2027 06:00;2,0533
28.07.2027 07:00;2,6626
28.07.2027 08:00;3,1211
28.07.2027 09:00;3,2452
28.07.2027 10:00;3,5756
28.07.2027 11:00;3,2722
28.07.2027 12:00;2,9463
28.07.2027 13:00;3,2849
28.07.2027 14:00;3,2574
28.07.2027 15:00;3,3113
28.07.2027 16:00;3,1758
28.07.2027 17:00;3,1221
28.07.2027 18:00;2,7114
28.07.2027 19:00;2,1796
28.07.2027 20:00;1,9004
28.07.2027 21:00;1,765
28.07.2027 22:00;1,7839
28.07.2027 23:00;1,7743
29.07.2027 00:00;1,7243
29.07.2027 01:00;1,6456
29.07.2027 02:00;1,5013
29.07.2027 03:00;1,6247
29.07.2027 04:00;1,5806
29.07.2027 05:00;1,7842
29.07.2027 06:00;1,9598
29.07.2027 07:00;2,5671
29.07.2027 08:00;3,1532
29.07.2027 09:00;3,4093
29.07.2027 10:00;3,2768
29.07.2027 11:00;3,3867
29.07.2027 12:00;2,8405
29.07.2027 13:00;3,2273
29.07.2027 14:00;3,2985
29.07.2027 15:00;3,3015
29.07.2027 16:00;3,1486
29.07.2027 17:00;3,0322
29.07.2027 18:00;2,7028
29.07.2027 19:00;2,1839
29.07.2027 20:00;1,8958
29.07.2027 21:00;1,8002
29.07.2027 22:00;1,879
29.07.2027 23:00;1,8158
30.07.2027 00:00;1,7523
30.07.2027 01:00;1,6675
30.07.2027 02:00;1,6114
30.07.2027 03:00;1,5678
30.07.2027 04:00;1,6158
30.07.2027 05:00;1,7163
30.07.2027 06:00;1,9854
30.07.2027 07:00;2,6873
30.07.2027 08:00;3,2179
30.07.2027 09:00;3,3154
30.07.2027 10:00;3,6002
30.07.2027 11:00;3,4067
30.07.2027 12:00;2,7908
30.07.2027 13:00;3,1181
30.07.2027 14:00;3,1232
30.07.2027 15:00;3,3628
30.07.2027 16:00;3,1537
30.07.2027 17:00;3,0729
30.07.2027 18:00;2,6455
30.07.2027 19:00;2,2742
30.07.2027 20:00;1,7372
30.07.2027 21:00;1,7865
30.07.2027 22:00;1,8294
30.07.2027 23:00;1,8287
31.07.2027 00:00;1,2804
31.07.2027 01:00;1,2306
31.07.2027 02:00;1,2317
31.07.2027 03:00;1,1549
31.07.2027 04:00;1,234
31.07.2027 05:00;1,3318
31.07.2027 06:00;1,3916
31.07.2027 07:00;1,5591
31.07.2027 08:00;1,6624
31.07.2027 09:00;1,585
31.07.2027 10:00;1,6217
31.07.2027 11:00;1,6386
31.07.2027 12:00;1,5018
31.07.2027 13:00;1,578
31.07.2027 14:00;1,6357
31.07.2027 15:00;1,6479
31.07.2027 16:00;1,6319
31.07.2027 17:00;1,5707
31.07.2027 18:00;1,4107
31.07.2027 19:00;1,4399
31.07.2027 20:00;1,422
31.07.2027 21:00;1,3349
31.07.2027 22:00;1,3156
31.07.2027 23:00;1,3165
01.08.2027 00:00;0,686
01.08.2027 01:00;0,6974
01.08.2027 02:00;0,6641
01.08.2027 03:00;0,6681
01.08.2027 04:00;0,6718
01.08.2027 05:00;0,7222
01.08.2027 06:00;0,7959
01.08.2027 07:00;0,8064
01.08.2027 08:00;0,8753
01.08.2027 09:00;0,9565
01.08.2027 10:00;0,9049
01.08.2027 11:00;0,8824
01.08.2027 12:00;0,9125
01.08.2027 13:00;0,8918
01.08.2027 14:00;0,8427
01.08.2027 15:00;0,921
01.08.2027 16:00;0,8978
01.08.2027 17:00;0,8801
01.08.2027 18:00;0,8395
01.08.2027 19:00;0,8026
01.08.2027 20:00;0,7804
01.08.2027 21:00;0,7726
01.08.2027 22:00;0,7453
01.08.2027 23:00;0,6791
02.08.2027 00:00;0,5223
02.08.2027 01:00;0,514
02.08.2027 02:00;0,4786
02.08.2027 03:00;0,4707
02.08.2027 04:00;0,499
02.08.2027 05:00;0,4957
02.08.2027 06:00;0,6104
02.08.2027 07:00;0,8235
02.08.2027 08:00;0,9835
02.08.2027 09:00;1,0152
02.08.2027 10:00;1,0122
02.08.2027 11:00;0,965
02.08.2027 12:00;0,9033
02.08.2027 13:00;0,9302
02.08.2027 14:00;0,9994
02.08.2027 15:00;0,9733
02.08.2027 16:00;0,9945
02.08.2027 17:00;0,888
02.08.2027 18:00;0,7291
02.08.2027 19:00;0,6743
02.08.2027 20:00;0,5944
02.08.2027 21:00;0,6028
02.08.2027 22:00;0,5564
02.08.2027 23:00;0,5219
03.08.2027 00:00;0,5073
03.08.2027 01:00;0,4938
03.08.2027 02:00;0,4674
03.08.2027 03:00;0,4966
03.08.2027 04:00;0,4696
03.08.2027 05:00;0,5274
03.08.2027 06:00;0,6123
03.08.2027 07:00;0,7559
03.08.2027 08:00;0,9128
03.08.2027 09:00;0,994
03.08.2027 10:00;1,0323
03.08.2027 11:00;0,988
03.08.2027 12:00;0,8372
03.08.2027 13:00;0,9165
03.08.2027 14:00;1,0411
03.08.2027 15:00;0,9412
03.08.2027 16:00;0,9615
03.08.2027 17:00;0,9
03.08.2027 18:00;0,7956
03.08.2027 19:00;0,6733
03.08.2027 20:00;0,5608
03.08.2027 21:00;0,5377
03.08.2027 22:00;0,5522
03.08.2027 23:00;0,5147
04.08.2027 00:00;0,4905
04.08.2027 01:00;0,4781
04.08.2027 02:00;0,4799
04.08.2027 03:00;0,4865
04.08.2027 04:00;0,4789
04.08.2027 05:00;0,5226
04.08.2027 06:00;0,6177
04.08.2027 07:00;0,7632
04.08.2027 08:00;0,9297
04.08.2027 09:00;0,9886
04.08.2027 10:00;0,9778
04.08.2027 11:00;1,0445
04.08.2027 12:00;0,9064
04.08.2027 13:00;0,9706
04.08.2027 14:00;0,9973
04.08.2027 15:00;1,0489
04.08.2027 16:00;1,0068
04.08.2027 17:00;0,9115
04.08.2027 18:00;0,8305
04.08.2027 19:00;0,6806
04.08.2027 20:00;0,5688
04.08.2027 21:00;0,5428
04.08.2027 22:00;0,5295
04.08.2027 23:00;0,5132
05.08.2027 00:00;0,5144
05.08.2027 01:00;0,5077
05.08.2027 02:00;0,4841
05.08.2027 03:00;0,4789
05.08.2027 04:00;0,512
05.08.2027 05:00;0,5284
05.08.2027 06:00;0,5581
05.08.2027 07:00;0,7896
05.08.2027 08:00;0,9875
05.08.2027 09:00;0,9605
05.08.2027 10:00;1,0619
05.08.2027 11:00;0,9725
05.08.2027 12:00;0,8625
05.08.2027 13:00;0,9189
05.08.2027 14:00;0,9947
05.08.2027 15:00;1,0244
05.08.2027 16:00;0,9881
05.08.2027 17:00;0,9071
05.08.2027 18:00;0,8283
05.08.2027 19:00;0,6821
05.08.2027 20:00;0,5681
05.08.2027 21:00;0,5808
05.08.2027 22:00;0,5641
05.08.2027 23:00;0,5201
06.08.2027 00:00;0,5066
06.08.2027 01:00;0,4852
06.08.2027 02:00;0,4834
06.08.2027 03:00;0,4737
06.08.2027 04:00;0,4916
06.08.2027 05:00;0,5165
06.08.2027 06:00;0,6374
06.08.2027 07:00;0,767
06.08.2027 08:00;0,931
06.08.2027 09:00;0,9759
06.08.2027 10:00;1,0216
06.08.2027 11:00;0,9905
06.08.2027 12:00;0,8806
06.08.2027 13:00;1,0009
06.08.2027 14:00;1,0051
06.08.2027 15:00;1,0235
06.08.2027 16:00;0,9615
06.08.2027 17:00;0,9359
06.08.2027 18:00;0,8038
06.08.2027 19:00;0,6928
06.08.2027 20:00;0,5753
06.08.2027 21:00;0,565
06.08.2027 22:00;0,5719
06.08.2027 23:00;0,5212
07.08.2027 00:00;0,3913
07.08.2027 01:00;0,3811
07.08.2027 02:00;0,3732
07.08.2027 03:00;0,3672
07.08.2027 04:00;0,3786
07.08.2027 05:00;0,4126
07.08.2027 06:00;0,4432
07.08.2027 07:00;0,4683
07.08.2027 08:00;0,4672
07.08.2027 09:00;0,5104
07.08.2027 10:00;0,4872
07.08.2027 11:00;0,4756
07.08.2027 12:00;0,4761
07.08.2027 13:00;0,481
07.08.2027 14:00;0,4925
07.08.2027 15:00;0,5091
07.08.2027 16:00;0,5078
07.08.2027 17:00;0,5173
07.08.2027 18:00;0,4523
07.08.2027 19:00;0,4409
07.08.2027 20:00;0,41
07.08.2027 21:00;0,4154
07.08.2027 22:00;0,378
07.08.2027 23:00;0,41
08.08.2027 00:00;0,4061
08.08.2027 01:00;0,3641
08.08.2027 02:00;0,3716
08.08.2027 03:00;0,3659
08.08.2027 04:00;0,3695
08.08.2027 05:00;0,3986
08.08.2027 06:00;0,4225
08.08.2027 07:00;0,4749
08.08.2027 08:00;0,4824
08.08.2027 09:00;0,4847
08.08.2027 10:00;0,5235
08.08.2027 11:00;0,4734
08.08.2027 12:00;0,4813
08.08.2027 13:00;0,4676
08.08.2027 14:00;0,5069
08.08.2027 15:00;0,5151
08.08.2027 16:00;0,5114
08.08.2027 17:00;0,4812
08.08.2027 18:00;0,4607
08.08.2027 19:00;0,439
08.08.2027 20:00;0,4296
08.08.2027 21:00;0,419
08.08.2027 22:00;0,3998
08.08.2027 23:00;0,4196
09.08.2027 00:00;0,5167
09.08.2027 01:00;0,4813
09.08.2027 02:00;0,4797
09.08.2027 03:00;0,4623
09.08.2027 04:00;0,4905
09.08.2027 05:00;0,5192
09.08.2027 06:00;0,6304
09.08.2027 07:00;0,7639
09.08.2027 08:00;0,8917
09.08.2027 09:00;0,9991
09.08.2027 10:00;1,0852
09.08.2027 11:00;1,0249
09.08.2027 12:00;0,8958
09.08.2027 13:00;0,9656
09.08.2027 14:00;1,0261
09.08.2027 15:00;0,9954
09.08.2027 16:00;0,9301
09.08.2027 17:00;0,916
09.08.2027 18:00;0,7711
09.08.2027 19:00;0,6745
09.08.2027 20:00;0,5938
09.08.2027 21:00;0,5388
09.08.2027 22:00;0,5582
09.08.2027 23:00;0,5478
10.08.2027 00:00;0,5547
10.08.2027 01:00;0,4742
10.08.2027 02:00;0,4975
10.08.2027 03:00;0,473
10.08.2027 04:00;0,4841
10.08.2027 05:00;0,5241
10.08.2027 06:00;0,594
10.08.2027 07:00;0,7948
10.08.2027 08:00;0,9048
10.08.2027 09:00;1,0097
10.08.2027 10:00;1,0583
10.08.2027 11:00;1,0483
10.08.2027 12:00;0,8717
10.08.2027 13:00;0,8973
10.08.2027 14:00;1,0634
10.08.2027 15:00;0,958
10.08.2027 16:00;0,9782
10.08.2027 17:00;0,937
10.08.2027 18:00;0,7844
10.08.2027 19:00;0,6526
10.08.2027 20:00;0,5815
10.08.2027 21:00;0,5664
10.08.2027 22:00;0,5366
10.08.2027 23:00;0,5412
11.08.2027 00:00;0,5156
11.08.2027 01:00;0,4894
11.08.2027 02:00;0,5049
11.08.2027 03:00;0,4651
11.08.2027 04:00;0,5034
11.08.2027 05:00;0,5457
11.08.2027 06:00;0,6493
11.08.2027 07:00;0,7711
11.08.2027 08:00;0,9374
11.08.2027 09:00;0,9732
11.08.2027 10:00;1,0165
11.08.2027 11:00;1,0389
11.08.2027 12:00;0,8877
11.08.2027 13:00;0,9454
11.08.2027 14:00;1,0869
11.08.2027 15:00;0,9882
11.08.2027 16:00;1,0181
11.08.2027 17:00;0,9013
11.08.2027 18:00;0,8065
11.08.2027 19:00;0,6754
11.08.2027 20:00;0,5876
11.08.2027 21:00;0,5854
11.08.2027 22:00;0,5276
11.08.2027 23:00;0,5268
12.08.2027 00:00;0,5026
12.08.2027 01:00;0,4776
12.08.2027 02:00;0,469
12.08.2027 03:00;0,4627
12.08.2027 04:00;0,4752
12.08.2027 05:00;0,5214
12.08.2027 06:00;0,644
12.08.2027 07:00;0,7516
12.08.2027 08:00;0,9399
12.08.2027 09:00;1,0082
12.08.2027 10:00;0,9513
12.08.2027 11:00;1,0078
12.08.2027 12:00;0,8936
12.08.2027 13:00;0,9993
12.08.2027 14:00;1,0162
12.08.2027 15:00;1,0308
12.08.2027 16:00;0,971
12.08.2027 17:00;0,905
12.08.2027 18:00;0,8206
12.08.2027 19:00;0,6676
12.08.2027 20:00;0,5739
12.08.2027 21:00;0,5668
12.08.2027 22:00;0,5528
12.08.2027 23:00;0,517
13.08.2027 00:00;0,5185
13.08.2027 01:00;0,5007
13.08.2027 02:00;0,4812
13.08.2027 03:00;0,4919
13.08.2027 04:00;0,5244
13.08.2027 05:00;0,5267
13.08.2027 06:00;0,6094
13.08.2027 07:00;0,7745
13.08.2027 08:00;0,9969
13.08.2027 09:00;1,0081
13.08.2027 10:00;1,061
13.08.2027 11:00;1,0205
13.08.2027 12:00;0,8537
13.08.2027 13:00;0,9729
13.08.2027 14:00;0,9676
13.08.2027 15:00;1,0477
13.08.2027 16:00;0,9859
13.08.2027 17:00;0,8582
13.08.2027 18:00;0,8058
13.08.2027 19:00;0,6637
13.08.2027 20:00;0,5682
13.08.2027 21:00;0,5552
13.08.2027 22:00;0,5642
13.08.2027 23:00;0,5481
14.08.2027 00:00;0,4062
14.08.2027 01:00;0,3928
14.08.2027 02:00;0,3765
14.08.2027 03:00;0,3707
14.08.2027 04:00;0,4056
14.08.2027 05:00;0,4068
14.08.2027 06:00;0,4242
14.08.2027 07:00;0,4429
14.08.2027 08:00;0,4989
14.08.2027 09:00;0,499
14.08.2027 10:00;0,5201
14.08.2027 11:00;0,498
14.08.2027 12:00;0,4809
14.08.2027 13:00;0,495
14.08.2027 14:00;0,5001
14.08.2027 15:00;0,5157
14.08.2027 16:00;0,502
14.08.2027 17:00;0,5036
14.08.2027 18:00;0,4527
14.08.2027 19:00;0,4548
14.08.2027 20:00;0,4435
14.08.2027 21:00;0,4206
14.08.2027 22:00;0,3953
14.08.2027 23:00;0,4024
15.08.2027 00:00;1,3406
15.08.2027 01:00;1,2523
15.08.2027 02:00;1,2144
15.08.2027 03:00;1,2703
15.08.2027 04:00;1,3183
15.08.2027 05:00;1,374
15.08.2027 06:00;1,4093
15.08.2027 07:00;1,4726
15.08.2027 08:00;1,6153
15.08.2027 09:00;1,6772
15.08.2027 10:00;1,6075
15.08.2027 11:00;1,6622
15.08.2027 12:00;1,659
15.08.2027 13:00;1,5253
15.08.2027 14:00;1,5497
15.08.2027 15:00;1,6489
15.08.2027 16:00;1,6358
15.08.2027 17:00;1,6293
15.08.2027 18:00;1,5598
15.08.2027 19:00;1,4729
15.08.2027 20:00;1,5099
15.08.2027 21:00;1,336
15.08.2027 22:00;1,3406
15.08.2027 23:00;1,3663
16.08.2027 00:00;1,7205
16.08.2027 01:00;1,608
16.08.2027 02:00;1,6297
16.08.2027 03:00;1,6262
16.08.2027 04:00;1,5205
16.08.2027 05:00;1,7204
16.08.2027 06:00;2,0247
16.08.2027 07:00;2,7281
16.08.2027 08:00;3,1669
16.08.2027 09:00;3,1757
16.08.2027 10:00;3,5144
16.08.2027 11:00;3,5246
16.08.2027 12:00;2,9848
16.08.2027 13:00;3,1692
16.08.2027 14:00;3,2613
16.08.2027 15:00;3,3656
16.08.2027 16:00;3,232
16.08.2027 17:00;3,1712
16.08.2027 18:00;2,7215
16.08.2027 19:00;2,2214
16.08.2027 20:00;2,0084
16.08.2027 21:00;1,9363
16.08.2027 22:00;1,8177
16.08.2027 23:00;1,8445
17.08.2027 00:00;1,6905
17.08.2027 01:00;1,6012
17.08.2027 02:00;1,6833
17.08.2027 03:00;1,5972
17.08.2027 04:00;1,5843
17.08.2027 05:00;1,6538
17.08.2027 06:00;2,0338
17.08.2027 07:00;2,5954
17.08.2027 08:00;3,129
17.08.2027 09:00;3,4602
17.08.2027 10:00;3,3988
17.08.2027 11:00;3,462
17.08.2027 12:00;2,9533
17.08.2027 13:00;3,4041
17.08.2027 14:00;3,4385
17.08.2027 15:00;3,3687
17.08.2027 16:00;3,0874
17.08.2027 17:00;3,0257
17.08.2027 18:00;2,6207
17.08.2027 19:00;2,3127
17.08.2027 20:00;1,9268
17.08.2027 21:00;1,8118
17.08.2027 22:00;1,9319
17.08.2027 23:00;1,7838
18.08.2027 00:00;1,8249
18.08.2027 01:00;1,4919
18.08.2027 02:00;1,5922
18.08.2027 03:00;1,6678
18.08.2027 04:00;1,5653
18.08.2027 05:00;1,7596
18.08.2027 06:00;2,1135
18.08.2027 07:00;2,7114
18.08.2027 08:00;3,2168
18.08.2027 09:00;3,2787
18.08.2027 10:00;3,6964
18.08.2027 11:00;3,4306
18.08.2027 12:00;2,9584
18.08.2027 13:00;3,1718
18.08.2027 14:00;3,424
18.08.2027 15:00;3,5343
18.08.2027 16:00;3,3152
18.08.2027 17:00;2,9525
18.08.2027 18:00;2,718
18.08.2027 19:00;2,2394
18.08.2027 20:00;1,9079
18.08.2027 21:00;1,9382
18.08.2027 22:00;1,9309
18.08.2027 23:00;1,7148
19.08.2027 00:00;1,772
19.08.2027 01:00;1,6919
19.08.2027 02:00;1,57
19.08.2027 03:00;1,6879
19.08.2027 04:00;1,6833
19.08.2027 05:00;1,8278
19.08.2027 06:00;2,067
19.08.2027 07:00;2,6876
19.08.2027 08:00;3,3003
19.08.2027 09:00;3,39
19.08.2027 10:00;3,6844
19.08.2027 11:00;3,4468
19.08.2027 12:00;2,969
19.08.2027 13:00;3,1234
19.08.2027 14:00;3,4426
19.08.2027 15:00;3,3535
19.08.2027 16:00;3,3618
19.08.2027 17:00;3,1231
19.08.2027 18:00;2,63
19.08.2027 19:00;2,3724
19.08.2027 20:00;1,9196
19.08.2027 21:00;1,8737
19.08.2027 22:00;1,7997
19.08.2027 23:00;1,7532
20.08.2027 00:00;1,8221
20.08.2027 01:00;1,6213
20.08.2027 02:00;1,5876
20.08.2027 03:00;1,5754
20.08.2027 04:00;1,6585
20.08.2027 05:00;1,8555
20.08.2027 06:00;2,1035
20.08.2027 07:00;2,6612
20.08.2027 08:00;3,3266
20.08.2027 09:00;3,6371
20.08.2027 10:00;3,7173
20.08.2027 11:00;3,5657
20.08.2027 12:00;3,0331
20.08.2027 13:00;3,1154
20.08.2027 14:00;3,5528
20.08.2027 15:00;3,3068
20.08.2027 16:00;3,255
20.08.2027 17:00;3,1254
20.08.2027 18:00;2,7337
20.08.2027 19:00;2,299
20.08.2027 20:00;2,0628
20.08.2027 21:00;1,9105
20.08.2027 22:00;1,8608
20.08.2027 23:00;1,8417
21.08.2027 00:00;1,3081
21.08.2027 01:00;1,2432
21.08.2027 02:00;1,1945
21.08.2027 03:00;1,2805
21.08.2027 04:00;1,3284
21.08.2027 05:00;1,3414
21.08.2027 06:00;1,4162
21.08.2027 07:00;1,6727
21.08.2027 08:00;1,6291
21.08.2027 09:00;1,7007
21.08.2027 10:00;1,7249
21.08.2027 11:00;1,6476
21.08.2027 12:00;1,6563
21.08.2027 13:00;1,6015
21.08.2027 14:00;1,6946
21.08.2027 15:00;1,6899
21.08.2027 16:00;1,8246
21.08.2027 17:00;1,6671
21.08.2027 18:00;1,6498
21.08.2027 19:00;1,4485
21.08.2027 20:00;1,4363
21.08.2027 21:00;1,3428
21.08.2027 22:00;1,3966
21.08.2027 23:00;1,3227
22.08.2027 00:00;1,3935
22.08.2027 01:00;1,3642
22.08.2027 02:00;1,2533
22.08.2027 03:00;1,2293
22.08.2027 04:00;1,356
22.08.2027 05:00;1,3331
22.08.2027 06:00;1,4365
22.08.2027 07:00;1,5981
22.08.2027 08:00;1,5822
22.08.2027 09:00;1,7894
22.08.2027 10:00;1,6368
22.08.2027 11:00;1,6973
22.08.2027 12:00;1,6419
22.08.2027 13:00;1,633
22.08.2027 14:00;1,7227
22.08.2027 15:00;1,7382
22.08.2027 16:00;1,6452
22.08.2027 17:00;1,7161
22.08.2027 18:00;1,5408
22.08.2027 19:00;1,4976
22.08.2027 20:00;1,5547
22.08.2027 21:00;1,352
22.08.2027 22:00;1,4893
22.08.2027 23:00;1,4101
23.08.2027 00:00;1,8275
23.08.2027 01:00;1,606
23.08.2027 02:00;1,6644
23.08.2027 03:00;1,5778
23.08.2027 04:00;1,646
23.08.2027 05:00;1,7586
23.08.2027 06:00;2,0787
23.08.2027 07:00;2,68
23.08.2027 08:00;3,1651
23.08.2027 09:00;3,4616
23.08.2027 10:00;3,6193
23.08.2027 11:00;3,5347
23.08.2027 12:00;3,019
23.08.2027 13:00;3,2959
23.08.2027 14:00;3,3795
23.08.2027 15:00;3,4717
23.08.2027 16:00;3,2905
23.08.2027 17:00;3,1623
23.08.2027 18:00;2,6825
23.08.2027 19:00;2,3627
23.08.2027 20:00;2,0231
23.08.2027 21:00;1,8663
23.08.2027 22:00;1,8613
23.08.2027 23:00;1,8536
24.08.2027 00:00;1,7527
24.08.2027 01:00;1,7183
24.08.2027 02:00;1,6828
24.08.2027 03:00;1,6898
24.08.2027 04:00;1,7608
24.08.2027 05:00;1,7302
24.08.2027 06:00;2,0523
24.08.2027 07:00;2,8337
24.08.2027 08:00;3,2479
24.08.2027 09:00;3,5395
24.08.2027 10:00;3,4991
24.08.2027 11:00;3,4434
24.08.2027 12:00;3,023
24.08.2027 13:00;3,3593
24.08.2027 14:00;3,5801
24.08.2027 15:00;3,3927
24.08.2027 16:00;3,323
24.08.2027 17:00;3,2383
24.08.2027 18:00;2,7195
24.08.2027 19:00;2,341
24.08.2027 20:00;2,1211
24.08.2027 21:00;1,946
24.08.2027 22:00;1,8116
24.08.2027 23:00;1,7923
25.08.2027 00:00;1,7746
25.08.2027 01:00;1,7623
25.08.2027 02:00;1,5394
25.08.2027 03:00;1,6701
25.08.2027 04:00;1,6826
25.08.2027 05:00;1,8727
25.08.2027 06:00;2,193
25.08.2027 07:00;2,9157
25.08.2027 08:00;3,3258
25.08.2027 09:00;3,3805
25.08.2027 10:00;3,575
25.08.2027 11:00;3,6768
25.08.2027 12:00;3,0642
25.08.2027 13:00;3,1183
25.08.2027 14:00;3,6877
25.08.2027 15:00;3,589
25.08.2027 16:00;3,4467
25.08.2027 17:00;3,1357
25.08.2027 18:00;2,7733
25.08.2027 19:00;2,3547
25.08.2027 20:00;2,032
25.08.2027 21:00;1,9216
25.08.2027 22:00;1,828
25.08.2027 23:00;1,8094
26.08.2027 00:00;1,8191
26.08.2027 01:00;1,7161
26.08.2027 02:00;1,6752
26.08.2027 03:00;1,6096
26.08.2027 04:00;1,7223
26.08.2027 05:00;1,7799
26.08.2027 06:00;2,0869
26.08.2027 07:00;2,7816
26.08.2027 08:00;3,3284
26.08.2027 09:00;3,5745
26.08.2027 10:00;3,6587
26.08.2027 11:00;3,4392
26.08.2027 12:00;3,203
26.08.2027 13:00;3,2361
26.08.2027 14:00;3,4947
26.08.2027 15:00;3,5601
26.08.2027 16:00;3,4265
26.08.2027 17:00;3,2025
26.08.2027 18:00;2,7959
26.08.2027 19:00;2,2821
26.08.2027 20:00;2,0274
26.08.2027 21:00;1,8671
26.08.2027 22:00;1,8686
26.08.2027 23:00;1,8497
27.08.2027 00:00;1,8519
27.08.2027 01:00;1,6623
27.08.2027 02:00;1,6567
27.08.2027 03:00;1,5881
27.08.2027 04:00;1,6836
27.08.2027 05:00;1,7719
27.08.2027 06:00;2,2304
27.08.2027 07:00;2,6647
27.08.2027 08:00;3,2228
27.08.2027 09:00;3,34
27.08.2027 10:00;3,7374
27.08.2027 11:00;3,3248
27.08.2027 12:00;2,9855
27.08.2027 13:00;3,2838
27.08.2027 14:00;3,4628
27.08.2027 15:00;3,3635
27.08.2027 16:00;3,4091
27.08.2027 17:00;3,1988
27.08.2027 18:00;2,8134
27.08.2027 19:00;2,2195
27.08.2027 20:00;1,8654
27.08.2027 21:00;1,8749
27.08.2027 22:00;1,9425
27.08.2027 23:00;1,8504
28.08.2027 00:00;1,3642
28.08.2027 01:00;1,3452
28.08.2027 02:00;1,2473
28.08.2027 03:00;1,2291
28.08.2027 04:00;1,3181
28.08.2027 05:00;1,439
28.08.2027 06:00;1,406
28.08.2027 07:00;1,5968
28.08.2027 08:00;1,7847
28.08.2027 09:00;1,8091
28.08.2027 10:00;1,5977
28.08.2027 11:00;1,69
28.08.2027 12:00;1,6773
28.08.2027 13:00;1,6356
28.08.2027 14:00;1,7072
28.08.2027 15:00;1,7572
28.08.2027 16:00;1,8018
28.08.2027 17:00;1,7387
28.08.2027 18:00;1,5276
28.08.2027 19:00;1,582
28.08.2027 20:00;1,5175
28.08.2027 21:00;1,4392
28.08.2027 22:00;1,4188
28.08.2027 23:00;1,3495
29.08.2027 00:00;1,3912
29.08.2027 01:00;1,3246
29.08.2027 02:00;1,2398
29.08.2027 03:00;1,3118
29.08.2027 04:00;1,2763
29.08.2027 05:00;1,3521
29.08.2027 06:00;1,5072
29.08.2027 07:00;1,6491
29.08.2027 08:00;1,7328
29.08.2027 09:00;1,7372
29.08.2027 10:00;1,721
29.08.2027 11:00;1,6693
29.08.2027 12:00;1,584
29.08.2027 13:00;1,683
29.08.2027 14:00;1,7102
29.08.2027 15:00;1,7454
29.08.2027 16:00;1,7387
29.08.2027 17:00;1,7383
29.08.2027 18:00;1,6279
29.08.2027 19:00;1,492
29.08.2027 20:00;1,452
29.08.2027 21:00;1,3838
29.08.2027 22:00;1,4491
29.08.2027 23:00;1,3396
30.08.2027 00:00;1,8569
30.08.2027 01:00;1,6787
30.08.2027 02:00;1,6468
30.08.2027 03:00;1,6076
30.08.2027 04:00;1,7391
30.08.2027 05:00;1,8163
30.08.2027 06:00;2,1091
30.08.2027 07:00;2,759
30.08.2027 08:00;3,2566
30.08.2027 09:00;3,6764
30.08.2027 10:00;3,5648
30.08.2027 11:00;3,6549
30.08.2027 12:00;3,1189
30.08.2027 13:00;3,3812
30.08.2027 14:00;3,4332
30.08.2027 15:00;3,5256
30.08.2027 16:00;3,4155
30.08.2027 17:00;3,1967
30.08.2027 18:00;2,7623
30.08.2027 19:00;2,4102
30.08.2027 20:00;2,0293
30.08.2027 21:00;1,9519
30.08.2027 22:00;1,9259
30.08.2027 23:00;1,8636
31.08.2027 00:00;1,8437
31.08.2027 01:00;1,7133
31.08.2027 02:00;1,7354
31.08.2027 03:00;1,6711
31.08.2027 04:00;1,7255
31.08.2027 05:00;1,7258
31.08.2027 06:00;2,2126
31.08.2027 07:00;2,6618
31.08.2027 08:00;3,1946
31.08.2027 09:00;3,6748
31.08.2027 10:00;3,6138
31.08.2027 11:00;3,5659
31.08.2027 12:00;3,116
31.08.2027 13:00;3,1512
31.08.2027 14:00;3,4779
31.08.2027 15:00;3,5967
31.08.2027 16:00;3,4252
31.08.2027 17:00;2,9944
31.08.2027 18:00;2,825
31.08.2027 19:00;2,3046
31.08.2027 20:00;1,9696
31.08.2027 21:00;2,0377
31.08.2027 22:00;1,9115
31.08.2027 23:00;1,8742
01.09.2027 00:00;1,7633
01.09.2027 01:00;1,6869
01.09.2027 02:00;1,6245
01.09.2027 03:00;1,6628
01.09.2027 04:00;1,7761
01.09.2027 05:00;1,741
01.09.2027 06:00;2,0938
01.09.2027 07:00;2,8281
01.09.2027 08:00;3,3203
01.09.2027 09:00;3,5019
01.09.2027 10:00;3,5902
01.09.2027 11:00;3,6344
01.09.2027 12:00;3,2271
01.09.2027 13:00;3,1308
01.09.2027 14:00;3,5485
01.09.2027 15:00;3,5971
01.09.2027 16:00;3,3993
01.09.2027 17:00;3,1513
01.09.2027 18:00;2,9715
01.09.2027 19:00;2,3692
01.09.2027 20:00;2,0398
01.09.2027 21:00;1,9321
01.09.2027 22:00;1,8207
01.09.2027 23:00;1,989
02.09.2027 00:00;1,8188
02.09.2027 01:00;1,82
02.09.2027 02:00;1,6263
02.09.2027 03:00;1,5962
02.09.2027 04:00;1,7004
02.09.2027 05:00;1,8262
02.09.2027 06:00;2,1652
02.09.2027 07:00;2,8311
02.09.2027 08:00;3,3131
02.09.2027 09:00;3,5453
02.09.2027 10:00;3,7353
02.09.2027 11:00;3,6287
02.09.2027 12:00;3,1704
02.09.2027 13:00;3,4163
02.09.2027 14:00;3,7468
02.09.2027 15:00;3,6714
02.09.2027 16:00;3,3502
02.09.2027 17:00;3,3114
02.09.2027 18:00;2,711
02.09.2027 19:00;2,363
02.09.2027 20:00;2,0522
02.09.2027 21:00;1,9303
02.09.2027 22:00;1,8559
02.09.2027 23:00;1,9397
03.09.2027 00:00;1,7763
03.09.2027 01:00;1,7652
03.09.2027 02:00;1,7246
03.09.2027 03:00;1,6621
03.09.2027 04:00;1,7507
03.09.2027 05:00;1,9372
03.09.2027 06:00;2,1557
03.09.2027 07:00;2,9353
03.09.2027 08:00;3,2524
03.09.2027 09:00;3,4122
03.09.2027 10:00;3,6453
03.09.2027 11:00;3,5242
03.09.2027 12:00;3,184
03.09.2027 13:00;3,3396
03.09.2027 14:00;3,4465
03.09.2027 15:00;3,5388
03.09.2027 16:00;3,6276
03.09.2027 17:00;3,2873
03.09.2027 18:00;2,8271
03.09.2027 19:00;2,4364
03.09.2027 20:00;2,051
03.09.2027 21:00;1,977
03.09.2027 22:00;2,0139
03.09.2027 23:00;1,9335
04.09.2027 00:00;1,3376
04.09.2027 01:00;1,3287
04.09.2027 02:00;1,3139
04.09.2027 03:00;1,2897
04.09.2027 04:00;1,38
04.09.2027 05:00;1,4466
04.09.2027 06:00;1,4793
04.09.2027 07:00;1,5889
04.09.2027 08:00;1,706
04.09.2027 09:00;1,7256
04.09.2027 10:00;1,8436
04.09.2027 11:00;1,6477
04.09.2027 12:00;1,6392
04.09.2027 13:00;1,7281
04.09.2027 14:00;1,8423
04.09.2027 15:00;1,8238
04.09.2027 16:00;1,7428
04.09.2027 17:00;1,7188
04.09.2027 18:00;1,6284
04.09.2027 19:00;1,6895
04.09.2027 20:00;1,5884
04.09.2027 21:00;1,5076
04.09.2027 22:00;1,4175
04.09.2027 23:00;1,4095
05.09.2027 00:00;1,4431
05.09.2027 01:00;1,3839
05.09.2027 02:00;1,4061
05.09.2027 03:00;1,3025
05.09.2027 04:00;1,368
05.09.2027 05:00;1,4948
05.09.2027 06:00;1,5574
05.09.2027 07:00;1,6845
05.09.2027 08:00;1,765
05.09.2027 09:00;1,7641
05.09.2027 10:00;1,7928
05.09.2027 11:00;1,7561
05.09.2027 12:00;1,6603
05.09.2027 13:00;1,6027
05.09.2027 14:00;1,7906
05.09.2027 15:00;1,8434
05.09.2027 16:00;1,8577
05.09.2027 17:00;1,8092
05.09.2027 18:00;1,6868
05.09.2027 19:00;1,5902
05.09.2027 20:00;1,483
05.09.2027 21:00;1,4572
05.09.2027 22:00;1,4389
05.09.2027 23:00;1,4716
06.09.2027 00:00;1,8558
06.09.2027 01:00;1,8214
06.09.2027 02:00;1,7653
06.09.2027 03:00;1,6779
06.09.2027 04:00;1,7299
06.09.2027 05:00;1,9168
06.09.2027 06:00;2,1584
06.09.2027 07:00;2,8215
06.09.2027 08:00;3,3655
06.09.2027 09:00;3,5426
06.09.2027 10:00;3,6827
06.09.2027 11:00;3,6485
06.09.2027 12:00;3,1486
06.09.2027 13:00;3,4836
06.09.2027 14:00;3,8162
06.09.2027 15:00;3,557
06.09.2027 16:00;3,4876
06.09.2027 17:00;3,2357
06.09.2027 18:00;2,8569
06.09.2027 19:00;2,4146
06.09.2027 20:00;2,0384
06.09.2027 21:00;2,0897
06.09.2027 22:00;1,8987
06.09.2027 23:00;1,9563
07.09.2027 00:00;1,8595
07.09.2027 01:00;1,8181
07.09.2027 02:00;1,662
07.09.2027 03:00;1,5996
07.09.2027 04:00;1,8071
07.09.2027 05:00;1,8755
07.09.2027 06:00;2,2919
07.09.2027 07:00;2,8194
07.09.2027 08:00;3,4476
07.09.2027 09:00;3,6877
07.09.2027 10:00;3,781
07.09.2027 11:00;3,7114
07.09.2027 12:00;2,9522
07.09.2027 13:00;3,5079
07.09.2027 14:00;3,7184
07.09.2027 15:00;3,5399
07.09.2027 16:00;3,4661
07.09.2027 17:00;3,255
07.09.2027 18:00;2,7211
07.09.2027 19:00;2,533
07.09.2027 20:00;2,0637
07.09.2027 21:00;2,0395
07.09.2027 22:00;1,8678
07.09.2027 23:00;1,9044
08.09.2027 00:00;1,8929
08.09.2027 01:00;1,7696
08.09.2027 02:00;1,8392
08.09.2027 03:00;1,7298
08.09.2027 04:00;1,7893
08.09.2027 05:00;1,8261
08.09.2027 06:00;2,2034
08.09.2027 07:00;2,8053
08.09.2027 08:00;3,4553
08.09.2027 09:00;3,5335
08.09.2027 10:00;3,5864
08.09.2027 11:00;3,5314
08.09.2027 12:00;3,0634
08.09.2027 13:00;3,4067
08.09.2027 14:00;3,5104
08.09.2027 15:00;3,6603
08.09.2027 16:00;3,4014
08.09.2027 17:00;3,3143
08.09.2027 18:00;2,9745
08.09.2027 19:00;2,4073
08.09.2027 20:00;1,9726
08.09.2027 21:00;2,1697
08.09.2027 22:00;1,9015
08.09.2027 23:00;1,7963
09.09.2027 00:00;1,9429
09.09.2027 01:00;1,8088
09.09.2027 02:00;1,762
09.09.2027 03:00;1,6679
09.09.2027 04:00;1,7222
09.09.2027 05:00;1,8215
09.09.2027 06:00;2,1361
09.09.2027 07:00;2,9171
09.09.2027 08:00;3,3305
09.09.2027 09:00;3,6873
09.09.2027 10:00;3,7075
09.09.2027 11:00;3,8193
09.09.2027 12:00;3,3386
09.09.2027 13:00;3,2788
09.09.2027 14:00;3,5493
09.09.2027 15:00;3,7409
09.09.2027 16:00;3,5527
09.09.2027 17:00;3,5364
09.09.2027 18:00;2,7037
09.09.2027 19:00;2,497
09.09.2027 20:00;2,0906
09.09.2027 21:00;2,0742
09.09.2027 22:00;2,1134
09.09.2027 23:00;1,9408
10.09.2027 00:00;1,8518
10.09.2027 01:00;1,7513
10.09.2027 02:00;1,6504
10.09.2027 03:00;1,7709
10.09.2027 04:00;1,8486
10.09.2027 05:00;1,832
10.09.2027 06:00;2,1479
10.09.2027 07:00;2,8359
10.09.2027 08:00;3,538
10.09.2027 09:00;3,781
10.09.2027 10:00;3,7143
10.09.2027 11:00;3,4653
10.09.2027 12:00;3,0975
10.09.2027 13:00;3,3995
10.09.2027 14:00;3,5842
10.09.2027 15:00;3,6852
10.09.2027 16:00;3,4828
10.09.2027 17:00;3,5307
10.09.2027 18:00;2,8457
10.09.2027 19:00;2,2801
10.09.2027 20:00;2,1329
10.09.2027 21:00;1,9232
10.09.2027 22:00;1,9317
10.09.2027 23:00;1,9678
11.09.2027 00:00;1,5163
11.09.2027 01:00;1,3248
11.09.2027 02:00;1,3826
11.09.2027 03:00;1,3415
11.09.2027 04:00;1,3165
11.09.2027 05:00;1,4551
11.09.2027 06:00;1,5126
11.09.2027 07:00;1,6453
11.09.2027 08:00;1,6673
11.09.2027 09:00;1,8612
11.09.2027 10:00;1,691
11.09.2027 11:00;1,8574
11.09.2027 12:00;1,8475
11.09.2027 13:00;1,6793
11.09.2027 14:00;1,7605
11.09.2027 15:00;1,8075
11.09.2027 16:00;1,8119
11.09.2027 17:00;1,7799
11.09.2027 18:00;1,6585
11.09.2027 19:00;1,6111
11.09.2027 20:00;1,5185
11.09.2027 21:00;1,5813
11.09.2027 22:00;1,4862
11.09.2027 23:00;1,437
12.09.2027 00:00;1,4923
12.09.2027 01:00;1,3367
12.09.2027 02:00;1,299
12.09.2027 03:00;1,2759
12.09.2027 04:00;1,328
12.09.2027 05:00;1,4486
12.09.2027 06:00;1,5666
12.09.2027 07:00;1,6888
12.09.2027 08:00;1,8725
12.09.2027 09:00;1,7756
12.09.2027 10:00;1,8478
12.09.2027 11:00;1,7601
12.09.2027 12:00;1,6708
12.09.2027 13:00;1,7327
12.09.2027 14:00;1,8679
12.09.2027 15:00;1,8168
12.09.2027 16:00;1,9115
12.09.2027 17:00;1,8711
12.09.2027 18:00;1,661
12.09.2027 19:00;1,6114
12.09.2027 20:00;1,6255
12.09.2027 21:00;1,5028
12.09.2027 22:00;1,4013
12.09.2027 23:00;1,3569
13.09.2027 00:00;1,9325
13.09.2027 01:00;1,7657
13.09.2027 02:00;1,769
13.09.2027 03:00;1,6625
13.09.2027 04:00;1,7042
13.09.2027 05:00;1,9055
13.09.2027 06:00;2,1915
13.09.2027 07:00;2,852
13.09.2027 08:00;3,5001
13.09.2027 09:00;3,5371
13.09.2027 10:00;3,908
13.09.2027 11:00;3,6435
13.09.2027 12:00;3,5101
13.09.2027 13:00;3,5466
13.09.2027 14:00;3,5716
13.09.2027 15:00;3,7154
13.09.2027 16:00;3,6364
13.09.2027 17:00;3,5395
13.09.2027 18:00;2,8489
13.09.2027 19:00;2,4915
13.09.2027 20:00;1,984
13.09.2027 21:00;2,0896
13.09.2027 22:00;2,021
13.09.2027 23:00;1,8904
14.09.2027 00:00;1,8559
14.09.2027 01:00;1,8222
14.09.2027 02:00;1,7082
14.09.2027 03:00;1,7627
14.09.2027 04:00;1,8041
14.09.2027 05:00;1,8652
14.09.2027 06:00;2,2546
14.09.2027 07:00;3,0476
14.09.2027 08:00;3,5516
14.09.2027 09:00;3,7943
14.09.2027 10:00;3,8462
14.09.2027 11:00;3,5256
14.09.2027 12:00;3,2733
14.09.2027 13:00;3,4185
14.09.2027 14:00;3,8957
14.09.2027 15:00;3,6844
14.09.2027 16:00;3,5236
14.09.2027 17:00;3,5216
14.09.2027 18:00;2,8261
14.09.2027 19:00;2,4095
14.09.2027 20:00;2,1233
14.09.2027 21:00;2,1459
14.09.2027 22:00;2,0411
14.09.2027 23:00;1,8844
15.09.2027 00:00;1,9635
15.09.2027 01:00;1,7785
15.09.2027 02:00;1,8072
15.09.2027 03:00;1,7665
15.09.2027 04:00;1,7646
15.09.2027 05:00;1,9111
15.09.2027 06:00;2,2317
15.09.2027 07:00;2,9237
15.09.2027 08:00;3,3675
15.09.2027 09:00;3,7784
15.09.2027 10:00;3,8039
15.09.2027 11:00;3,8622
15.09.2027 12:00;3,1477
15.09.2027 13:00;3,4263
15.09.2027 14:00;3,7179
15.09.2027 15:00;3,671
15.09.2027 16:00;3,9128
15.09.2027 17:00;3,3197
15.09.2027 18:00;3,114
15.09.2027 19:00;2,658
15.09.2027 20:00;2,2132
15.09.2027 21:00;1,9517
15.09.2027 22:00;2,094
15.09.2027 23:00;1,9306
16.09.2027 00:00;1,9546
16.09.2027 01:00;1,8388
16.09.2027 02:00;1,6866
16.09.2027 03:00;1,744
16.09.2027 04:00;1,7627
16.09.2027 05:00;1,8859
16.09.2027 06:00;2,1893
16.09.2027 07:00;2,7621
16.09.2027 08:00;3,5636
16.09.2027 09:00;3,6205
16.09.2027 10:00;3,9674
16.09.2027 11:00;3,6272
16.09.2027 12:00;3,1576
16.09.2027 13:00;3,5471
16.09.2027 14:00;3,7708
16.09.2027 15:00;3,6663
16.09.2027 16:00;3,6854
16.09.2027 17:00;3,3217
16.09.2027 18:00;2,9501
16.09.2027 19:00;2,4173
16.09.2027 20:00;2,1234
16.09.2027 21:00;2,0697
16.09.2027 22:00;1,9951
16.09.2027 23:00;1,9028
17.09.2027 00:00;1,9348
17.09.2027 01:00;1,778
17.09.2027 02:00;1,7152
17.09.2027 03:00;1,7447
17.09.2027 04:00;1,8511
17.09.2027 05:00;1,9764
17.09.2027 06:00;2,3378
17.09.2027 07:00;2,9311
17.09.2027 08:00;3,4499
17.09.2027 09:00;3,7534
17.09.2027 10:00;3,8412
17.09.2027 11:00;3,7416
17.09.2027 12:00;3,1548
17.09.2027 13:00;3,3854
17.09.2027 14:00;3,9409
17.09.2027 15:00;3,4849
17.09.2027 16:00;3,5789
17.09.2027 17:00;3,6173
17.09.2027 18:00;2,9351
17.09.2027 19:00;2,6294
17.09.2027 20:00;2,2625
17.09.2027 21:00;2,0421
17.09.2027 22:00;2,0186
17.09.2027 23:00;2,0506
18.09.2027 00:00;1,4054
18.09.2027 01:00;1,4065
18.09.2027 02:00;1,3287
18.09.2027 03:00;1,3209
18.09.2027 04:00;1,4276
18.09.2027 05:00;1,509
18.09.2027 06:00;1,5713
18.09.2027 07:00;1,716
18.09.2027 08:00;1,8046
18.09.2027 09:00;1,8455
18.09.2027 10:00;1,8258
18.09.2027 11:00;1,8382
18.09.2027 12:00;1,74
18.09.2027 13:00;1,7883
18.09.2027 14:00;1,8195
18.09.2027 15:00;1,8611
18.09.2027 16:00;1,8852
18.09.2027 17:00;1,7735
18.09.2027 18:00;1,6525
18.09.2027 19:00;1,5954
18.09.2027 20:00;1,6451
18.09.2027 21:00;1,5865
18.09.2027 22:00;1,5104
18.09.2027 23:00;1,479
19.09.2027 00:00;1,48
19.09.2027 01:00;1,3315
19.09.2027 02:00;1,3596
19.09.2027 03:00;1,3661
19.09.2027 04:00;1,4171
19.09.2027 05:00;1,4498
19.09.2027 06:00;1,6646
19.09.2027 07:00;1,6909
19.09.2027 08:00;1,805
19.09.2027 09:00;1,8375
19.09.2027 10:00;1,8803
19.09.2027 11:00;1,8322
19.09.2027 12:00;1,757
19.09.2027 13:00;1,709
19.09.2027 14:00;1,8467
19.09.2027 15:00;1,8492
19.09.2027 16:00;1,712
19.09.2027 17:00;1,7992
19.09.2027 18:00;1,7568
19.09.2027 19:00;1,6775
19.09.2027 20:00;1,6118
19.09.2027 21:00;1,5499
19.09.2027 22:00;1,5165
19.09.2027 23:00;1,4555
20.09.2027 00:00;2,0168
20.09.2027 01:00;1,7948
20.09.2027 02:00;1,8159
20.09.2027 03:00;1,7421
20.09.2027 04:00;1,7965
20.09.2027 05:00;1,9326
20.09.2027 06:00;2,2234
20.09.2027 07:00;2,9701
20.09.2027 08:00;3,6497
20.09.2027 09:00;3,7066
20.09.2027 10:00;3,9068
20.09.2027 11:00;3,7523
20.09.2027 12:00;3,434
20.09.2027 13:00;3,531
20.09.2027 14:00;3,8718
20.09.2027 15:00;3,7708
20.09.2027 16:00;3,7943
20.09.2027 17:00;3,4503
20.09.2027 18:00;2,832
20.09.2027 19:00;2,5441
20.09.2027 20:00;2,167
20.09.2027 21:00;2,2469
20.09.2027 22:00;2,0246
20.09.2027 23:00;2,049
21.09.2027 00:00;1,9168
21.09.2027 01:00;1,8457
21.09.2027 02:00;1,7662
21.09.2027 03:00;1,7999
21.09.2027 04:00;1,9117
21.09.2027 05:00;1,9228
21.09.2027 06:00;2,3346
21.09.2027 07:00;3,1171
21.09.2027 08:00;3,5791
21.09.2027 09:00;3,7642
21.09.2027 10:00;4,0025
21.09.2027 11:00;3,845
21.09.2027 12:00;3,2718
21.09.2027 13:00;3,3954
21.09.2027 14:00;3,766
21.09.2027 15:00;3,6957
21.09.2027 16:00;3,6936
21.09.2027 17:00;3,4263
21.09.2027 18:00;2,9927
21.09.2027 19:00;2,5334
21.09.2027 20:00;2,2763
21.09.2027 21:00;2,1436
21.09.2027 22:00;2,1768
21.09.2027 23:00;2,0527
22.09.2027 00:00;1,9489
22.09.2027 01:00;1,7876
22.09.2027 02:00;1,8185
22.09.2027 03:00;1,7931
22.09.2027 04:00;1,7111
22.09.2027 05:00;2,0527
22.09.2027 06:00;2,3076
22.09.2027 07:00;2,9455
22.09.2027 08:00;3,5921
22.09.2027 09:00;4,0351
22.09.2027 10:00;3,918
22.09.2027 11:00;3,6847
22.09.2027 12:00;3,4625
22.09.2027 13:00;3,5043
22.09.2027 14:00;3,8726
22.09.2027 15:00;3,8138
22.09.2027 16:00;3,7237
22.09.2027 17:00;3,4609
22.09.2027 18:00;2,8943
22.09.2027 19:00;2,5771
22.09.2027 20:00;2,243
22.09.2027 21:00;2,275
22.09.2027 22:00;2,0032
22.09.2027 23:00;2,1003
23.09.2027 00:00;1,9501
23.09.2027 01:00;1,7853
23.09.2027 02:00;1,7099
23.09.2027 03:00;1,8088
23.09.2027 04:00;1,8793
23.09.2027 05:00;1,9833
23.09.2027 06:00;2,3824
23.09.2027 07:00;3,1123
23.09.2027 08:00;3,6777
23.09.2027 09:00;3,9318
23.09.2027 10:00;3,6635
23.09.2027 11:00;3,6153
23.09.2027 12:00;3,2861
23.09.2027 13:00;3,6165
23.09.2027 14:00;3,8068
23.09.2027 15:00;3,8604
23.09.2027 16:00;3,7142
23.09.2027 17:00;3,6314
23.09.2027 18:00;3,0689
23.09.2027 19:00;2,439
23.09.2027 20:00;2,1698
23.09.2027 21:00;2,0654
23.09.2027 22:00;1,9858
23.09.2027 23:00;2,0158
24.09.2027 00:00;2,0316
24.09.2027 01:00;1,8783
24.09.2027 02:00;1,7816
24.09.2027 03:00;1,8097
24.09.2027 04:00;1,9095
24.09.2027 05:00;1,9511
24.09.2027 06:00;2,3459
24.09.2027 07:00;2,7664
24.09.2027 08:00;3,5828
24.09.2027 09:00;3,7258
24.09.2027 10:00;3,8297
24.09.2027 11:00;3,7835
24.09.2027 12:00;3,3894
24.09.2027 13:00;3,3846
24.09.2027 14:00;3,9628
24.09.2027 15:00;3,7552
24.09.2027 16:00;3,5332
24.09.2027 17:00;3,4722
24.09.2027 18:00;3,0709
24.09.2027 19:00;2,4487
24.09.2027 20:00;2,1391
24.09.2027 21:00;2,1599
24.09.2027 22:00;2,0535
24.09.2027 23:00;2,1424
25.09.2027 00:00;1,5076
25.09.2027 01:00;1,4522
25.09.2027 02:00;1,4494
25.09.2027 03:00;1,3279
25.09.2027 04:00;1,4618
25.09.2027 05:00;1,4961
25.09.2027 06:00;1,6848
25.09.2027 07:00;1,6821
25.09.2027 08:00;1,8632
25.09.2027 09:00;1,9901
25.09.2027 10:00;1,9462
25.09.2027 11:00;1,9043
25.09.2027 12:00;1,7104
25.09.2027 13:00;1,6876
25.09.2027 14:00;1,8079
25.09.2027 15:00;1,9055
25.09.2027 16:00;1,8184
25.09.2027 17:00;1,8312
25.09.2027 18:00;1,7399
25.09.2027 19:00;1,6336
25.09.2027 20:00;1,5625
25.09.2027 21:00;1,5717
25.09.2027 22:00;1,4809
25.09.2027 23:00;1,4578
26.09.2027 00:00;1,5095
26.09.2027 01:00;1,4622
26.09.2027 02:00;1,4287
26.09.2027 03:00;1,436
26.09.2027 04:00;1,4618
26.09.2027 05:00;1,4834
26.09.2027 06:00;1,5685
26.09.2027 07:00;1,7999
26.09.2027 08:00;1,8235
26.09.2027 09:00;1,9691
26.09.2027 10:00;1,9436
26.09.2027 11:00;1,7983
26.09.2027 12:00;1,8455
26.09.2027 13:00;1,7969
26.09.2027 14:00;1,9301
26.09.2027 15:00;1,8465
26.09.2027 16:00;1,9274
26.09.2027 17:00;1,9427
26.09.2027 18:00;1,7225
26.09.2027 19:00;1,7044
26.09.2027 20:00;1,6855
26.09.2027 21:00;1,6864
26.09.2027 22:00;1,5555
26.09.2027 23:00;1,5229
27.09.2027 00:00;1,9448
27.09.2027 01:00;1,8076
27.09.2027 02:00;1,6882
27.09.2027 03:00;1,8393
27.09.2027 04:00;1,9257
27.09.2027 05:00;2,0318
27.09.2027 06:00;2,3193
27.09.2027 07:00;3,1255
27.09.2027 08:00;3,641
27.09.2027 09:00;3,8407
27.09.2027 10:00;4,0015
27.09.2027 11:00;3,9698
27.09.2027 12:00;3,6499
27.09.2027 13:00;3,475
27.09.2027 14:00;3,8449
27.09.2027 15:00;3,8442
27.09.2027 16:00;3,701
27.09.2027 17:00;3,504
27.09.2027 18:00;2,8611
27.09.2027 19:00;2,491
27.09.2027 20:00;2,2405
27.09.2027 21:00;2,1653
27.09.2027 22:00;2,0783
27.09.2027 23:00;2,0595
28.09.2027 00:00;2,0712
28.09.2027 01:00;1,8971
28.09.2027 02:00;1,811
28.09.2027 03:00;1,8292
28.09.2027 04:00;1,8247
28.09.2027 05:00;2,0693
28.09.2027 06:00;2,3058
28.09.2027 07:00;3,0721
28.09.2027 08:00;3,7152
28.09.2027 09:00;3,7536
28.09.2027 10:00;4,0858
28.09.2027 11:00;3,8751
28.09.2027 12:00;3,4334
28.09.2027 13:00;3,5959
28.09.2027 14:00;3,9145
28.09.2027 15:00;3,8713
28.09.2027 16:00;3,8589
28.09.2027 17:00;3,3819
28.09.2027 18:00;3,0058
28.09.2027 19:00;2,4979
28.09.2027 20:00;2,306
28.09.2027 21:00;2,1304
28.09.2027 22:00;2,1063
28.09.2027 23:00;2,1032
29.09.2027 00:00;1,9518
29.09.2027 01:00;1,8737
29.09.2027 02:00;1,838
29.09.2027 03:00;1,794
29.09.2027 04:00;1,8683
29.09.2027 05:00;2,0839
29.09.2027 06:00;2,3739
29.09.2027 07:00;2,9416
29.09.2027 08:00;3,5885
29.09.2027 09:00;4,0782
29.09.2027 10:00;3,8862
29.09.2027 11:00;3,9249
29.09.2027 12:00;3,3508
29.09.2027 13:00;3,4751
29.09.2027 14:00;4,0669
29.09.2027 15:00;3,9496
29.09.2027 16:00;3,8343
29.09.2027 17:00;3,4616
29.09.2027 18:00;3,1313
29.09.2027 19:00;2,692
29.09.2027 20:00;2,172
29.09.2027 21:00;2,1592
29.09.2027 22:00;2,1164
29.09.2027 23:00;2,05
30.09.2027 00:00;1,9762
30.09.2027 01:00;1,8236
30.09.2027 02:00;1,8344
30.09.2027 03:00;1,8884
30.09.2027 04:00;1,9662
30.09.2027 05:00;2,0209
30.09.2027 06:00;2,3239
30.09.2027 07:00;3,0574
30.09.2027 08:00;3,6853
30.09.2027 09:00;4,0744
30.09.2027 10:00;4,131
30.09.2027 11:00;3,8149
30.09.2027 12:00;3,6856
30.09.2027 13:00;3,5896
30.09.2027 14:00;4,0266
30.09.2027 15:00;3,8281
30.09.2027 16:00;3,6212
30.09.2027 17:00;3,6025
30.09.2027 18:00;3,1247
30.09.2027 19:00;2,6342
30.09.2027 20:00;2,191
30.09.2027 21:00;2,1206
30.09.2027 22:00;1,934
30.09.2027 23:00;2,0118
01.10.2027 00:00;1,9287
01.10.2027 01:00;1,932
01.10.2027 02:00;1,8491
01.10.2027 03:00;1,9486
01.10.2027 04:00;1,9029
01.10.2027 05:00;1,997
01.10.2027 06:00;2,3806
01.10.2027 07:00;3,2612
01.10.2027 08:00;3,8191
01.10.2027 09:00;3,9685
01.10.2027 10:00;4,1715
01.10.2027 11:00;3,8232
01.10.2027 12:00;3,3718
01.10.2027 13:00;3,5935
01.10.2027 14:00;3,8681
01.10.2027 15:00;3,895
01.10.2027 16:00;3,804
01.10.2027 17:00;3,3748
01.10.2027 18:00;3,141
01.10.2027 19:00;2,5907
01.10.2027 20:00;2,3742
01.10.2027 21:00;2,1082
01.10.2027 22:00;2,2168
01.10.2027 23:00;2,0753
02.10.2027 00:00;1,4827
02.10.2027 01:00;1,3985
02.10.2027 02:00;1,3866
02.10.2027 03:00;1,4291
02.10.2027 04:00;1,4343
02.10.2027 05:00;1,5956
02.10.2027 06:00;1,6258
02.10.2027 07:00;1,698
02.10.2027 08:00;1,8718
02.10.2027 09:00;1,9598
02.10.2027 10:00;1,9389
02.10.2027 11:00;1,9576
02.10.2027 12:00;1,7876
02.10.2027 13:00;1,9424
02.10.2027 14:00;1,9069
02.10.2027 15:00;2,059
02.10.2027 16:00;1,974
02.10.2027 17:00;1,863
02.10.2027 18:00;1,7586
02.10.2027 19:00;1,6646
02.10.2027 20:00;1,5903
02.10.2027 21:00;1,6954
02.10.2027 22:00;1,5738
02.10.2027 23:00;1,658
03.10.2027 00:00;1,5255
03.10.2027 01:00;1,4998
03.10.2027 02:00;1,4965
03.10.2027 03:00;1,4973
03.10.2027 04:00;1,4916
03.10.2027 05:00;1,5979
03.10.2027 06:00;1,7146
03.10.2027 07:00;1,8457
03.10.2027 08:00;1,9149
03.10.2027 09:00;1,9784
03.10.2027 10:00;1,91
03.10.2027 11:00;2,0323
03.10.2027 12:00;1,8708
03.10.2027 13:00;1,7996
03.10.2027 14:00;1,79
03.10.2027 15:00;1,9178
03.10.2027 16:00;1,8624
03.10.2027 17:00;1,8766
03.10.2027 18:00;1,7491
03.10.2027 19:00;1,7445
03.10.2027 20:00;1,6355
03.10.2027 21:00;1,5651
03.10.2027 22:00;1,5693
03.10.2027 23:00;1,5748
04.10.2027 00:00;1,9476
04.10.2027 01:00;2,021
04.10.2027 02:00;1,8934
04.10.2027 03:00;1,8462
04.10.2027 04:00;1,8693
04.10.2027 05:00;2,0002
04.10.2027 06:00;2,5893
04.10.2027 07:00;3,1808
04.10.2027 08:00;3,7445
04.10.2027 09:00;3,9532
04.10.2027 10:00;4,1365
04.10.2027 11:00;3,8473
04.10.2027 12:00;3,5103
04.10.2027 13:00;3,721
04.10.2027 14:00;4,02
04.10.2027 15:00;3,9055
04.10.2027 16:00;4,0028
04.10.2027 17:00;3,8678
04.10.2027 18:00;3,0518
04.10.2027 19:00;2,6196
04.10.2027 20:00;2,3271
04.10.2027 21:00;2,1202
04.10.2027 22:00;2,2175
04.10.2027 23:00;2,1685
05.10.2027 00:00;1,9727
05.10.2027 01:00;2,0006
05.10.2027 02:00;1,8124
05.10.2027 03:00;1,9046
05.10.2027 04:00;1,8475
05.10.2027 05:00;2,0356
05.10.2027 06:00;2,4292
05.10.2027 07:00;3,0993
05.10.2027 08:00;3,8405
05.10.2027 09:00;4,089
05.10.2027 10:00;4,2467
05.10.2027 11:00;4,027
05.10.2027 12:00;3,4872
05.10.2027 13:00;3,6342
05.10.2027 14:00;3,9849
05.10.2027 15:00;4,1188
05.10.2027 16:00;3,8766
05.10.2027 17:00;3,4428
05.10.2027 18:00;3,043
05.10.2027 19:00;2,5825
05.10.2027 20:00;2,2319
05.10.2027 21:00;2,3393
05.10.2027 22:00;2,1476
05.10.2027 23:00;2,1587
06.10.2027 00:00;1,995
06.10.2027 01:00;1,8017
06.10.2027 02:00;1,8359
06.10.2027 03:00;1,8761
06.10.2027 04:00;1,9172
06.10.2027 05:00;1,995
06.10.2027 06:00;2,5053
06.10.2027 07:00;3,1546
06.10.2027 08:00;3,664
06.10.2027 09:00;3,8843
06.10.2027 10:00;4,1718
06.10.2027 11:00;4,1523
06.10.2027 12:00;3,5806
06.10.2027 13:00;3,6945
06.10.2027 14:00;4,1471
06.10.2027 15:00;3,9704
06.10.2027 16:00;3,845
06.10.2027 17:00;3,6101
06.10.2027 18:00;3,2598
06.10.2027 19:00;2,6496
06.10.2027 20:00;2,2482
06.10.2027 21:00;2,3489
06.10.2027 22:00;2,2009
06.10.2027 23:00;2,0494
07.10.2027 00:00;2,0786
07.10.2027 01:00;1,9599
07.10.2027 02:00;1,9152
07.10.2027 03:00;1,9493
07.10.2027 04:00;1,8711
07.10.2027 05:00;2,0864
07.10.2027 06:00;2,3881
07.10.2027 07:00;3,2099
07.10.2027 08:00;3,7427
07.10.2027 09:00;3,9904
07.10.2027 10:00;4,0965
07.10.2027 11:00;3,8898
07.10.2027 12:00;3,6169
07.10.2027 13:00;3,6338
07.10.2027 14:00;3,9093
07.10.2027 15:00;4,0565
07.10.2027 16:00;4,1699
07.10.2027 17:00;3,7794
07.10.2027 18:00;3,1138
07.10.2027 19:00;2,6753
07.10.2027 20:00;2,3259
07.10.2027 21:00;2,2079
07.10.2027 22:00;2,1425
07.10.2027 23:00;2,0611
08.10.2027 00:00;1,9895
08.10.2027 01:00;1,9094
08.10.2027 02:00;1,9604
08.10.2027 03:00;1,9048
08.10.2027 04:00;1,996
08.10.2027 05:00;2,0395
08.10.2027 06:00;2,2903
08.10.2027 07:00;3,2373
08.10.2027 08:00;3,6169
08.10.2027 09:00;4,0195
08.10.2027 10:00;4,298
08.10.2027 11:00;4,1396
08.10.2027 12:00;3,5608
08.10.2027 13:00;3,8029
08.10.2027 14:00;4,2019
08.10.2027 15:00;3,8851
08.10.2027 16:00;3,9397
08.10.2027 17:00;3,6067
08.10.2027 18:00;3,0245
08.10.2027 19:00;2,6899
08.10.2027 20:00;2,253
08.10.2027 21:00;2,139
08.10.2027 22:00;1,9576
08.10.2027 23:00;2,176
09.10.2027 00:00;1,5856
09.10.2027 01:00;1,548
09.10.2027 02:00;1,4881
09.10.2027 03:00;1,4027
09.10.2027 04:00;1,5405
09.10.2027 05:00;1,5679
09.10.2027 06:00;1,7059
09.10.2027 07:00;1,8529
09.10.2027 08:00;1,9746
09.10.2027 09:00;1,9832
09.10.2027 10:00;1,9744
09.10.2027 11:00;1,8989
09.10.2027 12:00;1,9457
09.10.2027 13:00;1,9409
09.10.2027 14:00;1,8652
09.10.2027 15:00;1,9291
09.10.2027 16:00;1,9952
09.10.2027 17:00;2,0585
09.10.2027 18:00;1,8777
09.10.2027 19:00;1,8088
09.10.2027 20:00;1,7732
09.10.2027 21:00;1,6264
09.10.2027 22:00;1,5105
09.10.2027 23:00;1,5441
10.10.2027 00:00;1,6132
10.10.2027 01:00;1,5573
10.10.2027 02:00;1,3588
10.10.2027 03:00;1,4855
10.10.2027 04:00;1,5798
10.10.2027 05:00;1,498
10.10.2027 06:00;1,6989
10.10.2027 07:00;1,8122
10.10.2027 08:00;1,928
10.10.2027 09:00;1,9831
10.10.2027 10:00;1,9463
10.10.2027 11:00;2,0777
10.10.2027 12:00;1,8691
10.10.2027 13:00;1,9443
10.10.2027 14:00;1,8544
10.10.2027 15:00;2,0517
10.10.2027 16:00;1,9302
10.10.2027 17:00;1,9116
10.10.2027 18:00;1,8849
10.10.2027 19:00;1,7031
10.10.2027 20:00;1,7295
10.10.2027 21:00;1,6279
10.10.2027 22:00;1,5522
10.10.2027 23:00;1,5945
11.10.2027 00:00;2,0615
11.10.2027 01:00;1,972
11.10.2027 02:00;1,9497
11.10.2027 03:00;1,8496
11.10.2027 04:00;1,9141
11.10.2027 05:00;2,1568
11.10.2027 06:00;2,3775
11.10.2027 07:00;3,23
11.10.2027 08:00;3,7703
11.10.2027 09:00;4,1166
11.10.2027 10:00;4,0476
11.10.2027 11:00;3,9719
11.10.2027 12:00;3,7005
11.10.2027 13:00;3,7931
11.10.2027 14:00;4,206
11.10.2027 15:00;3,9121
11.10.2027 16:00;3,824
11.10.2027 17:00;3,8307
11.10.2027 18:00;3,2012
11.10.2027 19:00;2,792
11.10.2027 20:00;2,3109
11.10.2027 21:00;2,2834
11.10.2027 22:00;2,31
11.10.2027 23:00;2,1661
12.10.2027 00:00;2,0735
12.10.2027 01:00;2,0027
12.10.2027 02:00;1,946
12.10.2027 03:00;1,9209
12.10.2027 04:00;1,8799
12.10.2027 05:00;2,088
12.10.2027 06:00;2,5705
12.10.2027 07:00;3,1528
12.10.2027 08:00;3,8983
12.10.2027 09:00;4,1588
12.10.2027 10:00;4,1233
12.10.2027 11:00;4,0603
12.10.2027 12:00;3,4921
12.10.2027 13:00;3,9253
12.10.2027 14:00;3,9211
12.10.2027 15:00;4,1418
12.10.2027 16:00;4,0074
12.10.2027 17:00;3,7566
12.10.2027 18:00;2,9092
12.10.2027 19:00;2,7553
12.10.2027 20:00;2,4156
12.10.2027 21:00;2,3108
12.10.2027 22:00;2,1058
12.10.2027 23:00;2,2547
13.10.2027 00:00;2,1203
13.10.2027 01:00;1,9771
13.10.2027 02:00;1,9268
13.10.2027 03:00;1,8913
13.10.2027 04:00;1,9821
13.10.2027 05:00;2,0143
13.10.2027 06:00;2,5104
13.10.2027 07:00;3,121
13.10.2027 08:00;3,9172
13.10.2027 09:00;4,023
13.10.2027 10:00;4,2596
13.10.2027 11:00;4,121
13.10.2027 12:00;3,5129
13.10.2027 13:00;3,7767
13.10.2027 14:00;3,9326
13.10.2027 15:00;3,9951
13.10.2027 16:00;3,9181
13.10.2027 17:00;3,7296
13.10.2027 18:00;3,1463
13.10.2027 19:00;2,6458
13.10.2027 20:00;2,3657
13.10.2027 21:00;2,2561
13.10.2027 22:00;2,231
13.10.2027 23:00;2,1657
14.10.2027 00:00;2,0896
14.10.2027 01:00;1,9967
14.10.2027 02:00;1,9186
14.10.2027 03:00;1,8956
14.10.2027 04:00;1,9948
14.10.2027 05:00;2,072
14.10.2027 06:00;2,4751
14.10.2027 07:00;3,2567
14.10.2027 08:00;3,7622
14.10.2027 09:00;3,9687
14.10.2027 10:00;4,1782
14.10.2027 11:00;4,1153
14.10.2027 12:00;3,6939
14.10.2027 13:00;3,7554
14.10.2027 14:00;4,0849
14.10.2027 15:00;4,0609
14.10.2027 16:00;3,9105
14.10.2027 17:00;3,9034
14.10.2027 18:00;3,1462
14.10.2027 19:00;2,8354
14.10.2027 20:00;2,3496
14.10.2027 21:00;2,4043
14.10.2027 22:00;2,3486
14.10.2027 23:00;2,2204
15.10.2027 00:00;2,225
15.10.2027 01:00;2,0268
15.10.2027 02:00;1,9088
15.10.2027 03:00;2,101
15.10.2027 04:00;1,9256
15.10.2027 05:00;2,145
15.10.2027 06:00;2,4044
15.10.2027 07:00;3,1858
15.10.2027 08:00;3,9932
15.10.2027 09:00;4,0751
15.10.2027 10:00;4,3851
15.10.2027 11:00;4,18
15.10.2027 12:00;3,5414
15.10.2027 13:00;3,8459
15.10.2027 14:00;3,9381
15.10.2027 15:00;3,9848
15.10.2027 16:00;4,0176
15.10.2027 17:00;3,7296
15.10.2027 18:00;3,2755
15.10.2027 19:00;2,8129
15.10.2027 20:00;2,3866
15.10.2027 21:00;2,2545
15.10.2027 22:00;2,2095
15.10.2027 23:00;2,1027
16.10.2027 00:00;1,6312
16.10.2027 01:00;1,6082
16.10.2027 02:00;1,5363
16.10.2027 03:00;1,5379
16.10.2027 04:00;1,5639
16.10.2027 05:00;1,5809
16.10.2027 06:00;1,6834
16.10.2027 07:00;1,8281
16.10.2027 08:00;1,9016
16.10.2027 09:00;2,0215
16.10.2027 10:00;2,1004
16.10.2027 11:00;1,9709
16.10.2027 12:00;1,9156
16.10.2027 13:00;1,9209
16.10.2027 14:00;2,0407
16.10.2027 15:00;2,025
16.10.2027 16:00;2,0322
16.10.2027 17:00;2,0245
16.10.2027 18:00;1,9426
16.10.2027 19:00;1,808
16.10.2027 20:00;1,7033
16.10.2027 21:00;1,7529
16.10.2027 22:00;1,6528
16.10.2027 23:00;1,5488
17.10.2027 00:00;1,6285
17.10.2027 01:00;1,6462
17.10.2027 02:00;1,5297
17.10.2027 03:00;1,4183
17.10.2027 04:00;1,5676
17.10.2027 05:00;1,5299
17.10.2027 06:00;1,7698
17.10.2027 07:00;1,9586
17.10.2027 08:00;2,0257
17.10.2027 09:00;2,1721
17.10.2027 10:00;2,0794
17.10.2027 11:00;1,9742
17.10.2027 12:00;1,9409
17.10.2027 13:00;1,974
17.10.2027 14:00;1,93
17.10.2027 15:00;2,062
17.10.2027 16:00;2,0977
17.10.2027 17:00;2,102
17.10.2027 18:00;1,8703
17.10.2027 19:00;1,8591
17.10.2027 20:00;1,6814
17.10.2027 21:00;1,7783
17.10.2027 22:00;1,5877
17.10.2027 23:00;1,646
18.10.2027 00:00;1,9442
18.10.2027 01:00;1,9425
18.10.2027 02:00;1,9946
18.10.2027 03:00;2,0403
18.10.2027 04:00;2,0523
18.10.2027 05:00;2,069
18.10.2027 06:00;2,5562
18.10.2027 07:00;3,267
18.10.2027 08:00;3,7308
18.10.2027 09:00;3,9884
18.10.2027 10:00;4,4356
18.10.2027 11:00;4,1281
18.10.2027 12:00;3,8381
18.10.2027 13:00;4,1772
18.10.2027 14:00;4,1317
18.10.2027 15:00;4,0238
18.10.2027 16:00;3,8723
18.10.2027 17:00;3,914
18.10.2027 18:00;3,1975
18.10.2027 19:00;2,5625
18.10.2027 20:00;2,3695
18.10.2027 21:00;2,2477
18.10.2027 22:00;2,2461
18.10.2027 23:00;2,2956
19.10.2027 00:00;2,2085
19.10.2027 01:00;1,9157
19.10.2027 02:00;1,9579
19.10.2027 03:00;1,9601
19.10.2027 04:00;2,0651
19.10.2027 05:00;2,1766
19.10.2027 06:00;2,6367
19.10.2027 07:00;3,3736
19.10.2027 08:00;3,9456
19.10.2027 09:00;4,2595
19.10.2027 10:00;4,0578
19.10.2027 11:00;4,1807
19.10.2027 12:00;3,5437
19.10.2027 13:00;3,8165
19.10.2027 14:00;4,0782
19.10.2027 15:00;3,9739
19.10.2027 16:00;3,9502
19.10.2027 17:00;3,8066
19.10.2027 18:00;3,271
19.10.2027 19:00;2,7803
19.10.2027 20:00;2,4892
19.10.2027 21:00;2,3555
19.10.2027 22:00;2,3048
19.10.2027 23:00;2,2605
20.10.2027 00:00;2,1356
20.10.2027 01:00;1,9716
20.10.2027 02:00;1,9142
20.10.2027 03:00;2,1164
20.10.2027 04:00;2,0069
20.10.2027 05:00;2,1059
20.10.2027 06:00;2,6352
20.10.2027 07:00;3,2778
20.10.2027 08:00;3,8414
20.10.2027 09:00;4,3054
20.10.2027 10:00;4,4307
20.10.2027 11:00;4,2563
20.10.2027 12:00;3,6956
20.10.2027 13:00;3,953
20.10.2027 14:00;4,0985
20.10.2027 15:00;4,0298
20.10.2027 16:00;4,0372
20.10.2027 17:00;3,7825
20.10.2027 18:00;3,2537
20.10.2027 19:00;2,7821
20.10.2027 20:00;2,4759
20.10.2027 21:00;2,2665
20.10.2027 22:00;2,3649
20.10.2027 23:00;2,1961
21.10.2027 00:00;2,0605
21.10.2027 01:00;2,1051
21.10.2027 02:00;2,1263
21.10.2027 03:00;1,9768
21.10.2027 04:00;2,063
21.10.2027 05:00;2,1812
21.10.2027 06:00;2,4576
21.10.2027 07:00;3,199
21.10.2027 08:00;3,913
21.10.2027 09:00;4,121
21.10.2027 10:00;4,3743
21.10.2027 11:00;4,2191
21.10.2027 12:00;3,6714
21.10.2027 13:00;3,7746
21.10.2027 14:00;4,1832
21.10.2027 15:00;4,2199
21.10.2027 16:00;4,0392
21.10.2027 17:00;3,8039
21.10.2027 18:00;3,2299
21.10.2027 19:00;2,9696
21.10.2027 20:00;2,411
21.10.2027 21:00;2,2338
21.10.2027 22:00;2,1988
21.10.2027 23:00;2,2032
22.10.2027 00:00;2,2329
22.10.2027 01:00;2,0421
22.10.2027 02:00;1,9796
22.10.2027 03:00;2,0154
22.10.2027 04:00;2,0612
22.10.2027 05:00;2,1908
22.10.2027 06:00;2,5426
22.10.2027 07:00;3,3025
22.10.2027 08:00;3,8313
22.10.2027 09:00;4,0683
22.10.2027 10:00;4,3459
22.10.2027 11:00;3,8744
22.10.2027 12:00;3,8525
22.10.2027 13:00;4,0232
22.10.2027 14:00;4,2693
22.10.2027 15:00;4,0805
22.10.2027 16:00;4,132
22.10.2027 17:00;3,806
22.10.2027 18:00;3,3254
22.10.2027 19:00;2,8978
22.10.2027 20:00;2,472
22.10.2027 21:00;2,4446
22.10.2027 22:00;2,185
22.10.2027 23:00;2,2768
23.10.2027 00:00;1,6508
23.10.2027 01:00;1,5236
23.10.2027 02:00;1,5435
23.10.2027 03:00;1,5928
23.10.2027 04:00;1,6148
23.10.2027 05:00;1,7094
23.10.2027 06:00;1,8423
23.10.2027 07:00;1,8818
23.10.2027 08:00;1,9797
23.10.2027 09:00;2,1072
23.10.2027 10:00;2,1931
23.10.2027 11:00;2,0531
23.10.2027 12:00;2,021
23.10.2027 13:00;1,9592
23.10.2027 14:00;2,0528
23.10.2027 15:00;1,9045
23.10.2027 16:00;2,0644
23.10.2027 17:00;2,0507
23.10.2027 18:00;1,8711
23.10.2027 19:00;1,8724
23.10.2027 20:00;1,732
23.10.2027 21:00;1,7723
23.10.2027 22:00;1,6164
23.10.2027 23:00;1,6965
24.10.2027 00:00;1,6974
24.10.2027 01:00;1,6571
24.10.2027 02:00;1,5514
24.10.2027 03:00;1,6477
24.10.2027 04:00;1,6932
24.10.2027 05:00;1,6351
24.10.2027 06:00;1,8271
24.10.2027 07:00;1,8489
24.10.2027 08:00;2,0733
24.10.2027 09:00;2,1334
24.10.2027 10:00;2,1868
24.10.2027 11:00;2,0868
24.10.2027 12:00;2,0391
24.10.2027 13:00;2,068
24.10.2027 14:00;2,0523
24.10.2027 15:00;2,1028
24.10.2027 16:00;2,199
24.10.2027 17:00;2,0264
24.10.2027 18:00;1,9466
24.10.2027 19:00;1,8425
24.10.2027 20:00;1,8275
24.10.2027 21:00;1,6569
24.10.2027 22:00;1,727
24.10.2027 23:00;1,7026
25.10.2027 00:00;2,2557
25.10.2027 01:00;2,138
25.10.2027 02:00;2,044
25.10.2027 03:00;1,9436
25.10.2027 04:00;2,1288
25.10.2027 05:00;2,1597
25.10.2027 06:00;2,6068
25.10.2027 07:00;3,3095
25.10.2027 08:00;3,9117
25.10.2027 09:00;4,3467
25.10.2027 10:00;4,2277
25.10.2027 11:00;4,2585
25.10.2027 12:00;3,7913
25.10.2027 13:00;4,182
25.10.2027 14:00;4,4029
25.10.2027 15:00;3,9438
25.10.2027 16:00;4,2324
25.10.2027 17:00;3,7617
25.10.2027 18:00;3,2866
25.10.2027 19:00;2,7727
25.10.2027 20:00;2,4837
25.10.2027 21:00;2,3533
25.10.2027 22:00;2,2378
25.10.2027 23:00;2,1851
26.10.2027 00:00;2,2605
26.10.2027 01:00;2,0853
26.10.2027 02:00;1,9966
26.10.2027 03:00;2,0353
26.10.2027 04:00;2,119
26.10.2027 05:00;2,2345
26.10.2027 06:00;2,6256
26.10.2027 07:00;3,5459
26.10.2027 08:00;4,1442
26.10.2027 09:00;4,3745
26.10.2027 10:00;4,2568
26.10.2027 11:00;4,1826
26.10.2027 12:00;3,7077
26.10.2027 13:00;4,0515
26.10.2027 14:00;4,1429
26.10.2027 15:00;4,3231
26.10.2027 16:00;4,3724
26.10.2027 17:00;3,8062
26.10.2027 18:00;3,2575
26.10.2027 19:00;2,7762
26.10.2027 20:00;2,4112
26.10.2027 21:00;2,2123
26.10.2027 22:00;2,2907
26.10.2027 23:00;2,2311
27.10.2027 00:00;2,1729
27.10.2027 01:00;2,0175
27.10.2027 02:00;2,0746
27.10.2027 03:00;2,0993
27.10.2027 04:00;2,0312
27.10.2027 05:00;2,1238
27.10.2027 06:00;2,5045
27.10.2027 07:00;3,4213
27.10.2027 08:00;4,0604
27.10.2027 09:00;4,0618
27.10.2027 10:00;4,5214
27.10.2027 11:00;4,152
27.10.2027 12:00;3,693
27.10.2027 13:00;4,0714
27.10.2027 14:00;4,2449
27.10.2027 15:00;4,4032
27.10.2027 16:00;4,2739
27.10.2027 17:00;3,9698
27.10.2027 18:00;3,2905
27.10.2027 19:00;2,8996
27.10.2027 20:00;2,4761
27.10.2027 21:00;2,411
27.10.2027 22:00;2,2919
27.10.2027 23:00;2,3161
28.10.2027 00:00;2,258
28.10.2027 01:00;2,0678
28.10.2027 02:00;1,9391
28.10.2027 03:00;1,9348
28.10.2027 04:00;2,0944
28.10.2027 05:00;2,123
28.10.2027 06:00;2,7666
28.10.2027 07:00;3,4882
28.10.2027 08:00;3,9909
28.10.2027 09:00;4,2527
28.10.2027 10:00;4,3836
28.10.2027 11:00;4,5153
28.10.2027 12:00;3,696
28.10.2027 13:00;3,9846
28.10.2027 14:00;4,4232
28.10.2027 15:00;4,5035
28.10.2027 16:00;4,299
28.10.2027 17:00;3,8926
28.10.2027 18:00;3,4106
28.10.2027 19:00;3,0981
28.10.2027 20:00;2,4125
28.10.2027 21:00;2,3695
28.10.2027 22:00;2,4596
28.10.2027 23:00;2,2837
29.10.2027 00:00;2,1675
29.10.2027 01:00;2,0842
29.10.2027 02:00;2,0725
29.10.2027 03:00;2,1072
29.10.2027 04:00;2,054
29.10.2027 05:00;2,2649
29.10.2027 06:00;2,6274
29.10.2027 07:00;3,3339
29.10.2027 08:00;3,9503
29.10.2027 09:00;4,6992
29.10.2027 10:00;4,2823
29.10.2027 11:00;4,5266
29.10.2027 12:00;3,9212
29.10.2027 13:00;4,0179
29.10.2027 14:00;4,4951
29.10.2027 15:00;4,3815
29.10.2027 16:00;4,1684
29.10.2027 17:00;4,059
29.10.2027 18:00;3,391
29.10.2027 19:00;3,0576
29.10.2027 20:00;2,4235
29.10.2027 21:00;2,3073
29.10.2027 22:00;2,2902
29.10.2027 23:00;2,3538
30.10.2027 00:00;1,6912
30.10.2027 01:00;1,5885
30.10.2027 02:00;1,5316
30.10.2027 03:00;1,5836
30.10.2027 04:00;1,6302
30.10.2027 05:00;1,7071
30.10.2027 06:00;1,8759
30.10.2027 07:00;1,9421
30.10.2027 08:00;2,0168
30.10.2027 09:00;2,2003
30.10.2027 10:00;2,1777
30.10.2027 11:00;2,1348
30.10.2027 12:00;2,092
30.10.2027 13:00;2,0973
30.10.2027 14:00;2,0721
30.10.2027 15:00;2,1303
30.10.2027 16:00;2,2524
30.10.2027 17:00;2,0202
30.10.2027 18:00;2,0611
30.10.2027 19:00;1,8991
30.10.2027 20:00;1,8806
30.10.2027 21:00;1,7146
30.10.2027 22:00;1,7247
30.10.2027 23:00;1,7926
31.10.2027 00:00;1,6518
31.10.2027 01:00;1,6187
31.10.2027 02:00;1,5975
31.10.2027 02:00;1,5431
31.10.2027 03:00;1,6238
31.10.2027 04:00;1,632
31.10.2027 05:00;1,7423
31.10.2027 06:00;1,8653
31.10.2027 07:00;2,0198
31.10.2027 08:00;2,0371
31.10.2027 09:00;2,1999
31.10.2027 10:00;2,149
31.10.2027 11:00;2,0285
31.10.2027 12:00;2,0685
31.10.2027 13:00;1,9151
31.10.2027 14:00;2,086
31.10.2027 15:00;2,2405
31.10.2027 16:00;2,1814
31.10.2027 17:00;2,1455
31.10.2027 18:00;1,9741
31.10.2027 19:00;1,8385
31.10.2027 20:00;1,813
31.10.2027 21:00;1,8266
31.10.2027 22:00;1,6874
31.10.2027 23:00;1,7754
01.11.2027 00:00;2,1912
01.11.2027 01:00;2,077
01.11.2027 02:00;2,0776
01.11.2027 03:00;2,0467
01.11.2027 04:00;2,1869
01.11.2027 05:00;2,2414
01.11.2027 06:00;2,5851
01.11.2027 07:00;3,4408
01.11.2027 08:00;4,1806
01.11.2027 09:00;4,146
01.11.2027 10:00;4,3469
01.11.2027 11:00;4,179
01.11.2027 12:00;3,7865
01.11.2027 13:00;4,1441
01.11.2027 14:00;4,2339
01.11.2027 15:00;4,426
01.11.2027 16:00;4,1016
01.11.2027 17:00;3,7603
01.11.2027 18:00;3,3878
01.11.2027 19:00;2,8548
01.11.2027 20:00;2,5302
01.11.2027 21:00;2,4373
01.11.2027 22:00;2,503
01.11.2027 23:00;2,1876
02.11.2027 00:00;2,2563
02.11.2027 01:00;2,0689
02.11.2027 02:00;2,1084
02.11.2027 03:00;2,1262
02.11.2027 04:00;2,1088
02.11.2027 05:00;2,3194
02.11.2027 06:00;2,6773
02.11.2027 07:00;3,3347
02.11.2027 08:00;4,2132
02.11.2027 09:00;4,1066
02.11.2027 10:00;4,7042
02.11.2027 11:00;4,5155
02.11.2027 12:00;3,7826
02.11.2027 13:00;3,9602
02.11.2027 14:00;4,495
02.11.2027 15:00;4,419
02.11.2027 16:00;4,0949
02.11.2027 17:00;4,1991
02.11.2027 18:00;3,2922
02.11.2027 19:00;2,9962
02.11.2027 20:00;2,508
02.11.2027 21:00;2,4464
02.11.2027 22:00;2,3555
02.11.2027 23:00;2,33
03.11.2027 00:00;2,2227
03.11.2027 01:00;2,1771
03.11.2027 02:00;2,1052
03.11.2027 03:00;1,9849
03.11.2027 04:00;2,127
03.11.2027 05:00;2,3634
03.11.2027 06:00;2,7739
03.11.2027 07:00;3,4016
03.11.2027 08:00;4,1345
03.11.2027 09:00;4,5654
03.11.2027 10:00;4,7212
03.11.2027 11:00;4,4566
03.11.2027 12:00;3,9476
03.11.2027 13:00;4,0036
03.11.2027 14:00;4,2001
03.11.2027 15:00;4,3975
03.11.2027 16:00;4,3681
03.11.2027 17:00;3,7957
03.11.2027 18:00;3,3183
03.11.2027 19:00;2,8706
03.11.2027 20:00;2,5118
03.11.2027 21:00;2,5897
03.11.2027 22:00;2,458
03.11.2027 23:00;2,2804
04.11.2027 00:00;2,1589
04.11.2027 01:00;2,1669
04.11.2027 02:00;2,2109
04.11.2027 03:00;1,9559
04.11.2027 04:00;2,1853
04.11.2027 05:00;2,209
04.11.2027 06:00;2,5365
04.11.2027 07:00;3,2704
04.11.2027 08:00;4,0305
04.11.2027 09:00;4,2419
04.11.2027 10:00;4,5197
04.11.2027 11:00;4,4537
04.11.2027 12:00;3,8745
04.11.2027 13:00;4,1359
04.11.2027 14:00;4,5826
04.11.2027 15:00;4,4691
04.11.2027 16:00;4,0502
04.11.2027 17:00;4,0416
04.11.2027 18:00;3,4163
04.11.2027 19:00;2,9029
04.11.2027 20:00;2,6383
04.11.2027 21:00;2,5607
04.11.2027 22:00;2,3163
04.11.2027 23:00;2,48
05.11.2027 00:00;2,2041
05.11.2027 01:00;2,1158
05.11.2027 02:00;2,1341
05.11.2027 03:00;2,1241
05.11.2027 04:00;2,1628
05.11.2027 05:00;2,21
05.11.2027 06:00;2,6174
05.11.2027 07:00;3,4782
05.11.2027 08:00;4,1958
05.11.2027 09:00;4,3804
05.11.2027 10:00;4,8446
05.11.2027 11:00;4,55
05.11.2027 12:00;4,0814
05.11.2027 13:00;4,0743
05.11.2027 14:00;4,2996
05.11.2027 15:00;4,4235
05.11.2027 16:00;4,2937
05.11.2027 17:00;4,0348
05.11.2027 18:00;3,3406
05.11.2027 19:00;2,9151
05.11.2027 20:00;2,5239
05.11.2027 21:00;2,3794
05.11.2027 22:00;2,5006
05.11.2027 23:00;2,2777
06.11.2027 00:00;1,6871
06.11.2027 01:00;1,6416
06.11.2027 02:00;1,7166
06.11.2027 03:00;1,5418
06.11.2027 04:00;1,6914
06.11.2027 05:00;1,802
06.11.2027 06:00;1,9017
06.11.2027 07:00;1,9686
06.11.2027 08:00;2,1918
06.11.2027 09:00;2,1637
06.11.2027 10:00;2,1747
06.11.2027 11:00;2,0671
06.11.2027 12:00;2,1663
06.11.2027 13:00;2,1965
06.11.2027 14:00;2,108
06.11.2027 15:00;2,2101
06.11.2027 16:00;2,0465
06.11.2027 17:00;2,1001
06.11.2027 18:00;2,0334
06.11.2027 19:00;1,8547
06.11.2027 20:00;1,8402
06.11.2027 21:00;1,843
06.11.2027 22:00;1,7325
06.11.2027 23:00;1,7723
07.11.2027 00:00;1,7149
07.11.2027 01:00;1,7104
07.11.2027 02:00;1,5696
07.11.2027 03:00;1,5684
07.11.2027 04:00;1,6995
07.11.2027 05:00;1,7212
07.11.2027 06:00;1,9273
07.11.2027 07:00;2,0307
07.11.2027 08:00;2,1873
07.11.2027 09:00;2,2676
07.11.2027 10:00;2,1679
07.11.2027 11:00;2,1051
07.11.2027 12:00;2,1231
07.11.2027 13:00;2,0487
07.11.2027 14:00;2,2708
07.11.2027 15:00;2,2398
07.11.2027 16:00;2,1837
07.11.2027 17:00;2,1273
07.11.2027 18:00;1,956
07.11.2027 19:00;1,9317
07.11.2027 20:00;1,9609
07.11.2027 21:00;1,7936
07.11.2027 22:00;1,8632
07.11.2027 23:00;1,8811
08.11.2027 00:00;2,2666
08.11.2027 01:00;2,1723
08.11.2027 02:00;1,9591
08.11.2027 03:00;2,1303
08.11.2027 04:00;2,2336
08.11.2027 05:00;2,2382
08.11.2027 06:00;2,6546
08.11.2027 07:00;3,5776
08.11.2027 08:00;4,3288
08.11.2027 09:00;4,3698
08.11.2027 10:00;4,5826
08.11.2027 11:00;4,4845
08.11.2027 12:00;3,6223
08.11.2027 13:00;4,0321
08.11.2027 14:00;4,4317
08.11.2027 15:00;4,3033
08.11.2027 16:00;4,1126
08.11.2027 17:00;4,2203
08.11.2027 18:00;3,2224
08.11.2027 19:00;2,8814
08.11.2027 20:00;2,6345
08.11.2027 21:00;2,3872
08.11.2027 22:00;2,4956
08.11.2027 23:00;2,3287
09.11.2027 00:00;2,3205
09.11.2027 01:00;2,2265
09.11.2027 02:00;2,1369
09.11.2027 03:00;2,0515
09.11.2027 04:00;2,1622
09.11.2027 05:00;2,3093
09.11.2027 06:00;2,743
09.11.2027 07:00;3,5201
09.11.2027 08:00;4,2003
09.11.2027 09:00;4,2138
09.11.2027 10:00;4,4193
09.11.2027 11:00;4,6222
09.11.2027 12:00;3,6602
09.11.2027 13:00;4,132
09.11.2027 14:00;4,4641
09.11.2027 15:00;4,3509
09.11.2027 16:00;4,3432
09.11.2027 17:00;4,1969
09.11.2027 18:00;3,5262
09.11.2027 19:00;2,9131
09.11.2027 20:00;2,5573
09.11.2027 21:00;2,24
09.11.2027 22:00;2,308
09.11.2027 23:00;2,2992
10.11.2027 00:00;2,2835
10.11.2027 01:00;2,1838
10.11.2027 02:00;2,0672
10.11.2027 03:00;2,0035
10.11.2027 04:00;2,1848
10.11.2027 05:00;2,3307
10.11.2027 06:00;2,738
10.11.2027 07:00;3,362
10.11.2027 08:00;4,0232
10.11.2027 09:00;4,5696
10.11.2027 10:00;4,4249
10.11.2027 11:00;4,4743
10.11.2027 12:00;3,7411
10.11.2027 13:00;4,2387
10.11.2027 14:00;4,3917
10.11.2027 15:00;4,4491
10.11.2027 16:00;4,4195
10.11.2027 17:00;3,9057
10.11.2027 18:00;3,3594
10.11.2027 19:00;2,87
10.11.2027 20:00;2,6109
10.11.2027 21:00;2,4141
10.11.2027 22:00;2,3313
10.11.2027 23:00;2,3685
11.11.2027 00:00;2,35
11.11.2027 01:00;2,113
11.11.2027 02:00;2,1239
11.11.2027 03:00;2,1476
11.11.2027 04:00;2,1794
11.11.2027 05:00;2,3069
11.11.2027 06:00;2,7659
11.11.2027 07:00;3,4694
11.11.2027 08:00;4,2329
11.11.2027 09:00;4,4909
11.11.2027 10:00;4,7422
11.11.2027 11:00;4,3472
11.11.2027 12:00;4,0215
11.11.2027 13:00;4,1948
11.11.2027 14:00;4,4373
11.11.2027 15:00;4,6471
11.11.2027 16:00;4,3062
11.11.2027 17:00;3,9234
11.11.2027 18:00;3,5942
11.11.2027 19:00;2,9718
11.11.2027 20:00;2,6732
11.11.2027 21:00;2,5006
11.11.2027 22:00;2,3463
11.11.2027 23:00;2,377
12.11.2027 00:00;2,3358
12.11.2027 01:00;2,149
12.11.2027 02:00;2,0614
12.11.2027 03:00;2,0512
12.11.2027 04:00;2,0968
12.11.2027 05:00;2,3724
12.11.2027 06:00;2,6103
12.11.2027 07:00;3,5186
12.11.2027 08:00;4,2817
12.11.2027 09:00;4,5525
12.11.2027 10:00;4,7361
12.11.2027 11:00;4,5132
12.11.2027 12:00;3,7646
12.11.2027 13:00;4,2707
12.11.2027 14:00;4,504
12.11.2027 15:00;4,1317
12.11.2027 16:00;4,225
12.11.2027 17:00;4,2641
12.11.2027 18:00;3,7363
12.11.2027 19:00;3,0184
12.11.2027 20:00;2,6891
12.11.2027 21:00;2,5795
12.11.2027 22:00;2,4823
12.11.2027 23:00;2,2584
13.11.2027 00:00;1,7447
13.11.2027 01:00;1,7025
13.11.2027 02:00;1,6093
13.11.2027 03:00;1,6368
13.11.2027 04:00;1,7273
13.11.2027 05:00;1,8054
13.11.2027 06:00;2,0114
13.11.2027 07:00;2,1158
13.11.2027 08:00;2,1488
13.11.2027 09:00;2,2682
13.11.2027 10:00;2,4048
13.11.2027 11:00;2,2473
13.11.2027 12:00;2,0965
13.11.2027 13:00;2,1758
13.11.2027 14:00;2,1525
13.11.2027 15:00;2,2831
13.11.2027 16:00;2,2139
13.11.2027 17:00;2,1101
13.11.2027 18:00;2,0238
13.11.2027 19:00;1,9944
13.11.2027 20:00;1,8437
13.11.2027 21:00;1,9667
13.11.2027 22:00;1,8456
13.11.2027 23:00;1,9605
14.11.2027 00:00;1,7315
14.11.2027 01:00;1,78
14.11.2027 02:00;1,61
14.11.2027 03:00;1,6684
14.11.2027 04:00;1,7469
14.11.2027 05:00;1,7858
14.11.2027 06:00;1,9723
14.11.2027 07:00;2,0715
14.11.2027 08:00;2,0917
14.11.2027 09:00;2,2213
14.11.2027 10:00;2,2112
14.11.2027 11:00;2,2463
14.11.2027 12:00;2,1287
14.11.2027 13:00;2,161
14.11.2027 14:00;2,0597
14.11.2027 15:00;2,2491
14.11.2027 16:00;2,0843
14.11.2027 17:00;2,1903
14.11.2027 18:00;1,9502
14.11.2027 19:00;1,9742
14.11.2027 20:00;1,9508
14.11.2027 21:00;1,7893
14.11.2027 22:00;1,8495
14.11.2027 23:00;1,7544
15.11.2027 00:00;2,3877
15.11.2027 01:00;2,2208
15.11.2027 02:00;2,1643
15.11.2027 03:00;2,1659
15.11.2027 04:00;2,2613
15.11.2027 05:00;2,3385
15.11.2027 06:00;2,7211
15.11.2027 07:00;3,6077
15.11.2027 08:00;4,2669
15.11.2027 09:00;4,6514
15.11.2027 10:00;4,7338
15.11.2027 11:00;4,8803
15.11.2027 12:00;4,0851
15.11.2027 13:00;4,2675
15.11.2027 14:00;4,6754
15.11.2027 15:00;4,4999
15.11.2027 16:00;4,3381
15.11.2027 17:00;4,1606
15.11.2027 18:00;3,4186
15.11.2027 19:00;2,953
15.11.2027 20:00;2,6939
15.11.2027 21:00;2,5218
15.11.2027 22:00;2,4729
15.11.2027 23:00;2,4548
16.11.2027 00:00;2,2921
16.11.2027 01:00;2,1068
16.11.2027 02:00;2,1583
16.11.2027 03:00;2,1333
16.11.2027 04:00;2,1517
16.11.2027 05:00;2,4597
16.11.2027 06:00;2,7413
16.11.2027 07:00;3,5841
16.11.2027 08:00;4,2497
16.11.2027 09:00;4,3187
16.11.2027 10:00;4,5494
16.11.2027 11:00;4,617
16.11.2027 12:00;3,9402
16.11.2027 13:00;4,4205
16.11.2027 14:00;4,5785
16.11.2027 15:00;4,3997
16.11.2027 16:00;4,3704
16.11.2027 17:00;4,1182
16.11.2027 18:00;3,5075
16.11.2027 19:00;2,9994
16.11.2027 20:00;2,7284
16.11.2027 21:00;2,4841
16.11.2027 22:00;2,3806
16.11.2027 23:00;2,4076
17.11.2027 00:00;2,2757
17.11.2027 01:00;2,237
17.11.2027 02:00;2,2132
17.11.2027 03:00;1,9875
17.11.2027 04:00;2,0666
17.11.2027 05:00;2,2763
17.11.2027 06:00;2,828
17.11.2027 07:00;3,6743
17.11.2027 08:00;4,2977
17.11.2027 09:00;4,4118
17.11.2027 10:00;4,7912
17.11.2027 11:00;4,8118
17.11.2027 12:00;4,3065
17.11.2027 13:00;4,0645
17.11.2027 14:00;4,7444
17.11.2027 15:00;4,7296
17.11.2027 16:00;4,5445
17.11.2027 17:00;4,0337
17.11.2027 18:00;3,4826
17.11.2027 19:00;2,9656
17.11.2027 20:00;2,6375
17.11.2027 21:00;2,5085
17.11.2027 22:00;2,3824
17.11.2027 23:00;2,3982
18.11.2027 00:00;2,4504
18.11.2027 01:00;2,2516
18.11.2027 02:00;2,0031
18.11.2027 03:00;2,1856
18.11.2027 04:00;2,3149
18.11.2027 05:00;2,3545
18.11.2027 06:00;2,7478
18.11.2027 07:00;3,4408
18.11.2027 08:00;4,3094
18.11.2027 09:00;4,5964
18.11.2027 10:00;4,8026
18.11.2027 11:00;4,6423
18.11.2027 12:00;4,0429
18.11.2027 13:00;4,0977
18.11.2027 14:00;5,0245
18.11.2027 15:00;4,8551
18.11.2027 16:00;4,5414
18.11.2027 17:00;4,2734
18.11.2027 18:00;3,5403
18.11.2027 19:00;2,8607
18.11.2027 20:00;2,8554
18.11.2027 21:00;2,5362
18.11.2027 22:00;2,4351
18.11.2027 23:00;2,3171
19.11.2027 00:00;2,4732
19.11.2027 01:00;2,1894
19.11.2027 02:00;2,1272
19.11.2027 03:00;2,1973
19.11.2027 04:00;2,1397
19.11.2027 05:00;2,4614
19.11.2027 06:00;2,7375
19.11.2027 07:00;3,6281
19.11.2027 08:00;4,5969
19.11.2027 09:00;4,7996
19.11.2027 10:00;4,5453
19.11.2027 11:00;4,6297
19.11.2027 12:00;3,8507
19.11.2027 13:00;4,2026
19.11.2027 14:00;4,6139
19.11.2027 15:00;4,542
19.11.2027 16:00;4,3565
19.11.2027 17:00;4,1081
19.11.2027 18:00;3,711
19.11.2027 19:00;3,072
19.11.2027 20:00;2,7771
19.11.2027 21:00;2,6858
19.11.2027 22:00;2,6158
19.11.2027 23:00;2,3729
20.11.2027 00:00;1,8775
20.11.2027 01:00;1,7406
20.11.2027 02:00;1,7294
20.11.2027 03:00;1,7274
20.11.2027 04:00;1,7261
20.11.2027 05:00;1,8964
20.11.2027 06:00;2,0047
20.11.2027 07:00;2,1052
20.11.2027 08:00;2,2165
20.11.2027 09:00;2,1978
20.11.2027 10:00;2,253
20.11.2027 11:00;2,3155
20.11.2027 12:00;2,13
20.11.2027 13:00;2,1233
20.11.2027 14:00;2,2372
20.11.2027 15:00;2,3523
20.11.2027 16:00;2,243
20.11.2027 17:00;2,2222
20.11.2027 18:00;2,0273
20.11.2027 19:00;2,1134
20.11.2027 20:00;1,8814
20.11.2027 21:00;1,9398
20.11.2027 22:00;1,813
20.11.2027 23:00;1,7443
21.11.2027 00:00;1,8365
21.11.2027 01:00;1,7157
21.11.2027 02:00;1,5349
21.11.2027 03:00;1,6594
21.11.2027 04:00;1,6854
21.11.2027 05:00;1,7565
21.11.2027 06:00;2,052
21.11.2027 07:00;2,099
21.11.2027 08:00;2,1728
21.11.2027 09:00;2,3099
21.11.2027 10:00;2,2172
21.11.2027 11:00;2,2319
21.11.2027 12:00;2,2241
21.11.2027 13:00;2,2242
21.11.2027 14:00;2,3349
21.11.2027 15:00;2,3158
21.11.2027 16:00;2,2888
21.11.2027 17:00;2,3108
21.11.2027 18:00;1,9053
21.11.2027 19:00;2,0154
21.11.2027 20:00;1,8492
21.11.2027 21:00;1,8701
21.11.2027 22:00;1,9322
21.11.2027 23:00;1,7496
22.11.2027 00:00;2,4091
22.11.2027 01:00;2,2893
22.11.2027 02:00;2,0748
22.11.2027 03:00;2,2487
22.11.2027 04:00;2,1548
22.11.2027 05:00;2,3176
22.11.2027 06:00;2,7887
22.11.2027 07:00;3,7308
22.11.2027 08:00;4,4609
22.11.2027 09:00;4,7833
22.11.2027 10:00;4,8378
22.11.2027 11:00;4,8959
22.11.2027 12:00;4,1138
22.11.2027 13:00;4,3291
22.11.2027 14:00;4,34
22.11.2027 15:00;4,3167
22.11.2027 16:00;4,5815
22.11.2027 17:00;4,1438
22.11.2027 18:00;3,5066
22.11.2027 19:00;3,1321
22.11.2027 20:00;2,6283
22.11.2027 21:00;2,5579
22.11.2027 22:00;2,5691
22.11.2027 23:00;2,573
23.11.2027 00:00;2,5047
23.11.2027 01:00;2,2199
23.11.2027 02:00;2,2352
23.11.2027 03:00;2,2725
23.11.2027 04:00;2,2672
23.11.2027 05:00;2,5817
23.11.2027 06:00;2,8145
23.11.2027 07:00;3,5471
23.11.2027 08:00;4,1488
23.11.2027 09:00;4,7928
23.11.2027 10:00;4,9528
23.11.2027 11:00;4,778
23.11.2027 12:00;3,7885
23.11.2027 13:00;4,2642
23.11.2027 14:00;4,447
23.11.2027 15:00;4,7551
23.11.2027 16:00;4,3862
23.11.2027 17:00;4,0741
23.11.2027 18:00;3,4406
23.11.2027 19:00;3,1552
23.11.2027 20:00;2,6
23.11.2027 21:00;2,686
23.11.2027 22:00;2,5943
23.11.2027 23:00;2,3943
24.11.2027 00:00;2,4025
24.11.2027 01:00;2,2099
24.11.2027 02:00;2,1974
24.11.2027 03:00;2,1819
24.11.2027 04:00;2,2006
24.11.2027 05:00;2,4286
24.11.2027 06:00;2,8269
24.11.2027 07:00;3,7327
24.11.2027 08:00;4,4881
24.11.2027 09:00;4,6319
24.11.2027 10:00;4,8468
24.11.2027 11:00;4,5758
24.11.2027 12:00;4,1004
24.11.2027 13:00;4,4642
24.11.2027 14:00;4,6419
24.11.2027 15:00;4,7426
24.11.2027 16:00;4,7836
24.11.2027 17:00;4,3928
24.11.2027 18:00;3,6251
24.11.2027 19:00;3,0355
24.11.2027 20:00;2,7031
24.11.2027 21:00;2,6763
24.11.2027 22:00;2,7451
24.11.2027 23:00;2,3797
25.11.2027 00:00;2,3749
25.11.2027 01:00;2,1135
25.11.2027 02:00;2,2586
25.11.2027 03:00;2,1881
25.11.2027 04:00;2,18
25.11.2027 05:00;2,3069
25.11.2027 06:00;2,9731
25.11.2027 07:00;4,0256
25.11.2027 08:00;4,2343
25.11.2027 09:00;4,7657
25.11.2027 10:00;4,7475
25.11.2027 11:00;4,6754
25.11.2027 12:00;4,1468
25.11.2027 13:00;4,2598
25.11.2027 14:00;4,6533
25.11.2027 15:00;4,6027
25.11.2027 16:00;4,5173
25.11.2027 17:00;4,2264
25.11.2027 18:00;3,6346
25.11.2027 19:00;2,9663
25.11.2027 20:00;2,6586
25.11.2027 21:00;2,574
25.11.2027 22:00;2,5672
25.11.2027 23:00;2,5129
26.11.2027 00:00;2,3613
26.11.2027 01:00;2,3218
26.11.2027 02:00;2,1947
26.11.2027 03:00;2,09
26.11.2027 04:00;2,2331
26.11.2027 05:00;2,3751
26.11.2027 06:00;2,8145
26.11.2027 07:00;3,9191
26.11.2027 08:00;4,2893
26.11.2027 09:00;4,7137
26.11.2027 10:00;4,6086
26.11.2027 11:00;4,3396
26.11.2027 12:00;4,0058
26.11.2027 13:00;4,1732
26.11.2027 14:00;4,8294
26.11.2027 15:00;4,8617
26.11.2027 16:00;4,7265
26.11.2027 17:00;4,3468
26.11.2027 18:00;3,5714
26.11.2027 19:00;3,0235
26.11.2027 20:00;2,6586
26.11.2027 21:00;2,4798
26.11.2027 22:00;2,5309
26.11.2027 23:00;2,5875
27.11.2027 00:00;1,846
27.11.2027 01:00;1,713
27.11.2027 02:00;1,7035
27.11.2027 03:00;1,7362
27.11.2027 04:00;1,8944
27.11.2027 05:00;1,7622
27.11.2027 06:00;1,9906
27.11.2027 07:00;2,0293
27.11.2027 08:00;2,1885
27.11.2027 09:00;2,3561
27.11.2027 10:00;2,4146
27.11.2027 11:00;2,2959
27.11.2027 12:00;2,1224
27.11.2027 13:00;2,2226
27.11.2027 14:00;2,1888
27.11.2027 15:00;2,321
27.11.2027 16:00;2,2371
27.11.2027 17:00;2,2634
27.11.2027 18:00;2,1888
27.11.2027 19:00;1,9809
27.11.2027 20:00;1,8974
27.11.2027 21:00;1,918
27.11.2027 22:00;1,8943
27.11.2027 23:00;1,8718
28.11.2027 00:00;1,7422
28.11.2027 01:00;1,7795
28.11.2027 02:00;1,7831
28.11.2027 03:00;1,7185
28.11.2027 04:00;1,7377
28.11.2027 05:00;1,7656
28.11.2027 06:00;2,0451
28.11.2027 07:00;2,0121
28.11.2027 08:00;2,2871
28.11.2027 09:00;2,3626
28.11.2027 10:00;2,3137
28.11.2027 11:00;2,4363
28.11.2027 12:00;2,2558
28.11.2027 13:00;2,3213
28.11.2027 14:00;2,2299
28.11.2027 15:00;2,283
28.11.2027 16:00;2,337
28.11.2027 17:00;2,2782
28.11.2027 18:00;2,1257
28.11.2027 19:00;2,0647
28.11.2027 20:00;1,8754
28.11.2027 21:00;2,0094
28.11.2027 22:00;1,8529
28.11.2027 23:00;1,8488
29.11.2027 00:00;2,5279
29.11.2027 01:00;2,3
29.11.2027 02:00;2,1562
29.11.2027 03:00;2,3088
29.11.2027 04:00;2,2701
29.11.2027 05:00;2,4061
29.11.2027 06:00;2,873
29.11.2027 07:00;3,7108
29.11.2027 08:00;4,2916
29.11.2027 09:00;4,4566
29.11.2027 10:00;5,0507
29.11.2027 11:00;4,6696
29.11.2027 12:00;4,0674
29.11.2027 13:00;4,3974
29.11.2027 14:00;4,6884
29.11.2027 15:00;4,6006
29.11.2027 16:00;4,1423
29.11.2027 17:00;4,4034
29.11.2027 18:00;3,7344
29.11.2027 19:00;3,0866
29.11.2027 20:00;2,7878
29.11.2027 21:00;2,6134
29.11.2027 22:00;2,6221
29.11.2027 23:00;2,5509
30.11.2027 00:00;2,4669
30.11.2027 01:00;2,3217
30.11.2027 02:00;2,2191
30.11.2027 03:00;2,3088
30.11.2027 04:00;2,3205
30.11.2027 05:00;2,3303
30.11.2027 06:00;2,6331
30.11.2027 07:00;3,629
30.11.2027 08:00;4,4148
30.11.2027 09:00;4,5704
30.11.2027 10:00;4,8393
30.11.2027 11:00;4,7353
30.11.2027 12:00;4,0261
30.11.2027 13:00;4,5779
30.11.2027 14:00;4,7519
30.11.2027 15:00;4,6918
30.11.2027 16:00;4,7753
30.11.2027 17:00;4,3656
30.11.2027 18:00;3,6879
30.11.2027 19:00;3,2595
30.11.2027 20:00;2,6358
30.11.2027 21:00;2,6397
30.11.2027 22:00;2,5435
30.11.2027 23:00;2,6412
01.12.2027 00:00;2,4705
01.12.2027 01:00;2,2818
01.12.2027 02:00;2,1665
01.12.2027 03:00;2,2359
01.12.2027 04:00;2,4261
01.12.2027 05:00;2,5071
01.12.2027 06:00;2,6566
01.12.2027 07:00;3,798
01.12.2027 08:00;4,748
01.12.2027 09:00;4,9333
01.12.2027 10:00;4,9254
01.12.2027 11:00;4,5614
01.12.2027 12:00;3,9679
01.12.2027 13:00;4,5418
01.12.2027 14:00;4,3657
01.12.2027 15:00;4,5105
01.12.2027 16:00;4,3406
01.12.2027 17:00;4,1638
01.12.2027 18:00;3,6728
01.12.2027 19:00;3,3497
01.12.2027 20:00;2,7436
01.12.2027 21:00;2,7381
01.12.2027 22:00;2,5325
01.12.2027 23:00;2,5126
02.12.2027 00:00;2,4452
02.12.2027 01:00;2,2642
02.12.2027 02:00;2,1242
02.12.2027 03:00;2,1603
02.12.2027 04:00;2,3488
02.12.2027 05:00;2,376
02.12.2027 06:00;2,8783
02.12.2027 07:00;3,7779
02.12.2027 08:00;4,4135
02.12.2027 09:00;4,7132
02.12.2027 10:00;4,8496
02.12.2027 11:00;4,785
02.12.2027 12:00;4,1194
02.12.2027 13:00;4,6553
02.12.2027 14:00;4,7382
02.12.2027 15:00;4,7375
02.12.2027 16:00;4,4447
02.12.2027 17:00;4,4183
02.12.2027 18:00;3,7553
02.12.2027 19:00;3,2271
02.12.2027 20:00;2,7241
02.12.2027 21:00;2,6406
02.12.2027 22:00;2,4759
02.12.2027 23:00;2,4687
03.12.2027 00:00;2,4439
03.12.2027 01:00;2,3492
03.12.2027 02:00;2,2293
03.12.2027 03:00;2,2373
03.12.2027 04:00;2,285
03.12.2027 05:00;2,351
03.12.2027 06:00;2,7477
03.12.2027 07:00;3,8918
03.12.2027 08:00;4,2808
03.12.2027 09:00;4,9546
03.12.2027 10:00;4,9359
03.12.2027 11:00;4,751
03.12.2027 12:00;4,1406
03.12.2027 13:00;4,2965
03.12.2027 14:00;4,7552
03.12.2027 15:00;4,7629
03.12.2027 16:00;4,5817
03.12.2027 17:00;4,45
03.12.2027 18:00;3,8482
03.12.2027 19:00;3,2003
03.12.2027 20:00;2,7632
03.12.2027 21:00;2,6516
03.12.2027 22:00;2,6319
03.12.2027 23:00;2,5167
04.12.2027 00:00;1,73
04.12.2027 01:00;1,7729
04.12.2027 02:00;1,7147
04.12.2027 03:00;1,6584
04.12.2027 04:00;1,7772
04.12.2027 05:00;1,7854
04.12.2027 06:00;2,0521
04.12.2027 07:00;2,1314
04.12.2027 08:00;2,1973
04.12.2027 09:00;2,3534
04.12.2027 10:00;2,3783
04.12.2027 11:00;2,3593
04.12.2027 12:00;2,2444
04.12.2027 13:00;2,215
04.12.2027 14:00;2,2594
04.12.2027 15:00;2,2996
04.12.2027 16:00;2,3707
04.12.2027 17:00;2,4243
04.12.2027 18:00;2,1414
04.12.2027 19:00;1,9435
04.12.2027 20:00;2,0139
04.12.2027 21:00;1,9942
04.12.2027 22:00;1,9228
04.12.2027 23:00;1,8429
05.12.2027 00:00;1,8079
05.12.2027 01:00;1,7082
05.12.2027 02:00;1,6976
05.12.2027 03:00;1,7144
05.12.2027 04:00;1,7398
05.12.2027 05:00;1,8011
05.12.2027 06:00;1,9606
05.12.2027 07:00;2,247
05.12.2027 08:00;2,2582
05.12.2027 09:00;2,363
05.12.2027 10:00;2,4179
05.12.2027 11:00;2,3499
05.12.2027 12:00;2,3512
05.12.2027 13:00;2,2521
05.12.2027 14:00;2,4981
05.12.2027 15:00;2,2564
05.12.2027 16:00;2,3709
05.12.2027 17:00;2,2807
05.12.2027 18:00;2,3164
05.12.2027 19:00;1,9676
05.12.2027 20:00;2,0042
05.12.2027 21:00;1,9856
05.12.2027 22:00;1,8834
05.12.2027 23:00;1,969
06.12.2027 00:00;2,5337
06.12.2027 01:00;2,2501
06.12.2027 02:00;2,267
06.12.2027 03:00;2,1881
06.12.2027 04:00;2,3734
06.12.2027 05:00;2,5104
06.12.2027 06:00;2,6587
06.12.2027 07:00;3,6752
06.12.2027 08:00;4,3382
06.12.2027 09:00;4,8709
06.12.2027 10:00;5,2005
06.12.2027 11:00;5,065
06.12.2027 12:00;3,9826
06.12.2027 13:00;4,2489
06.12.2027 14:00;4,6791
06.12.2027 15:00;4,6418
06.12.2027 16:00;4,5437
06.12.2027 17:00;4,3655
06.12.2027 18:00;3,7103
06.12.2027 19:00;3,1542
06.12.2027 20:00;2,802
06.12.2027 21:00;2,5296
06.12.2027 22:00;2,7662
06.12.2027 23:00;2,4684
07.12.2027 00:00;2,4343
07.12.2027 01:00;2,3789
07.12.2027 02:00;2,1324
07.12.2027 03:00;2,2333
07.12.2027 04:00;2,175
07.12.2027 05:00;2,5511
07.12.2027 06:00;2,9949
07.12.2027 07:00;3,7667
07.12.2027 08:00;4,5238
07.12.2027 09:00;4,5803
07.12.2027 10:00;5,0842
07.12.2027 11:00;4,7782
07.12.2027 12:00;4,2633
07.12.2027 13:00;4,688
07.12.2027 14:00;4,7832
07.12.2027 15:00;4,902
07.12.2027 16:00;5,0083
07.12.2027 17:00;4,2219
07.12.2027 18:00;3,8015
07.12.2027 19:00;3,1697
07.12.2027 20:00;2,7045
07.12.2027 21:00;2,5012
07.12.2027 22:00;2,5749
07.12.2027 23:00;2,5589
08.12.2027 00:00;2,4635
08.12.2027 01:00;2,306
08.12.2027 02:00;2,2379
08.12.2027 03:00;2,2416
08.12.2027 04:00;2,3488
08.12.2027 05:00;2,5106
08.12.2027 06:00;2,9373
08.12.2027 07:00;3,4001
08.12.2027 08:00;4,486
08.12.2027 09:00;4,8315
08.12.2027 10:00;4,9424
08.12.2027 11:00;4,6437
08.12.2027 12:00;4,262
08.12.2027 13:00;4,538
08.12.2027 14:00;4,6965
08.12.2027 15:00;4,8504
08.12.2027 16:00;4,6277
08.12.2027 17:00;4,3908
08.12.2027 18:00;3,7122
08.12.2027 19:00;3,2052
08.12.2027 20:00;2,7393
08.12.2027 21:00;2,7862
08.12.2027 22:00;2,6296
08.12.2027 23:00;2,6171
09.12.2027 00:00;2,5217
09.12.2027 01:00;2,2162
09.12.2027 02:00;2,3098
09.12.2027 03:00;2,2962
09.12.2027 04:00;2,2499
09.12.2027 05:00;2,3391
09.12.2027 06:00;2,8384
09.12.2027 07:00;3,7413
09.12.2027 08:00;4,3919
09.12.2027 09:00;4,8317
09.12.2027 10:00;5,0757
09.12.2027 11:00;4,8339
09.12.2027 12:00;4,1036
09.12.2027 13:00;4,6894
09.12.2027 14:00;4,7167
09.12.2027 15:00;4,9029
09.12.2027 16:00;4,7255
09.12.2027 17:00;4,4185
09.12.2027 18:00;3,6055
09.12.2027 19:00;3,1063
09.12.2027 20:00;2,7834
09.12.2027 21:00;2,6917
09.12.2027 22:00;2,6721
09.12.2027 23:00;2,4399
10.12.2027 00:00;2,4105
10.12.2027 01:00;2,2356
10.12.2027 02:00;2,2248
10.12.2027 03:00;2,2746
10.12.2027 04:00;2,3091
10.12.2027 05:00;2,4787
10.12.2027 06:00;2,8039
10.12.2027 07:00;3,7058
10.12.2027 08:00;4,2768
10.12.2027 09:00;4,6897
10.12.2027 10:00;5,0288
10.12.2027 11:00;4,875
10.12.2027 12:00;4,2055
10.12.2027 13:00;4,4426
10.12.2027 14:00;4,6598
10.12.2027 15:00;4,912
10.12.2027 16:00;4,4896
10.12.2027 17:00;4,1694
10.12.2027 18:00;3,8519
10.12.2027 19:00;3,008
10.12.2027 20:00;2,6317
10.12.2027 21:00;2,6906
10.12.2027 22:00;2,6141
10.12.2027 23:00;2,5871
11.12.2027 00:00;1,8569
11.12.2027 01:00;1,7442
11.12.2027 02:00;1,6962
11.12.2027 03:00;1,7949
11.12.2027 04:00;1,7042
11.12.2027 05:00;1,95
11.12.2027 06:00;2,0399
11.12.2027 07:00;2,2657
11.12.2027 08:00;2,3741
11.12.2027 09:00;2,3304
11.12.2027 10:00;2,442
11.12.2027 11:00;2,3019
11.12.2027 12:00;2,1596
11.12.2027 13:00;2,1951
11.12.2027 14:00;2,3041
11.12.2027 15:00;2,3405
11.12.2027 16:00;2,4165
11.12.2027 17:00;2,4398
11.12.2027 18:00;2,3141
11.12.2027 19:00;2,1658
11.12.2027 20:00;2,068
11.12.2027 21:00;1,9213
11.12.2027 22:00;1,9208
11.12.2027 23:00;1,8821
12.12.2027 00:00;1,9292
12.12.2027 01:00;1,7622
12.12.2027 02:00;1,727
12.12.2027 03:00;1,7665
12.12.2027 04:00;1,8583
12.12.2027 05:00;1,8532
12.12.2027 06:00;1,8967
12.12.2027 07:00;2,1917
12.12.2027 08:00;2,1927
12.12.2027 09:00;2,3671
12.12.2027 10:00;2,5291
12.12.2027 11:00;2,2493
12.12.2027 12:00;2,2227
12.12.2027 13:00;2,2575
12.12.2027 14:00;2,2453
12.12.2027 15:00;2,3945
12.12.2027 16:00;2,5085
12.12.2027 17:00;2,3747
12.12.2027 18:00;2,2411
12.12.2027 19:00;2,0099
12.12.2027 20:00;2,1611
12.12.2027 21:00;2,0718
12.12.2027 22:00;1,7977
12.12.2027 23:00;1,9105
13.12.2027 00:00;2,5595
13.12.2027 01:00;2,2615
13.12.2027 02:00;2,2582
13.12.2027 03:00;2,2613
13.12.2027 04:00;2,3133
13.12.2027 05:00;2,443
13.12.2027 06:00;2,6777
13.12.2027 07:00;3,8466
13.12.2027 08:00;4,4379
13.12.2027 09:00;4,9497
13.12.2027 10:00;4,8103
13.12.2027 11:00;4,7396
13.12.2027 12:00;4,1589
13.12.2027 13:00;4,5233
13.12.2027 14:00;4,9108
13.12.2027 15:00;4,83
13.12.2027 16:00;4,5942
13.12.2027 17:00;4,4547
13.12.2027 18:00;3,6298
13.12.2027 19:00;3,3577
13.12.2027 20:00;2,774
13.12.2027 21:00;2,715
13.12.2027 22:00;2,5121
13.12.2027 23:00;2,6126
14.12.2027 00:00;2,4843
14.12.2027 01:00;2,3372
14.12.2027 02:00;2,2122
14.12.2027 03:00;2,2965
14.12.2027 04:00;2,3764
14.12.2027 05:00;2,439
14.12.2027 06:00;3,0139
14.12.2027 07:00;3,6768
14.12.2027 08:00;4,4908
14.12.2027 09:00;4,776
14.12.2027 10:00;4,9799
14.12.2027 11:00;5,0181
14.12.2027 12:00;4,1195
14.12.2027 13:00;4,5037
14.12.2027 14:00;4,8009
14.12.2027 15:00;4,9756
14.12.2027 16:00;4,4941
14.12.2027 17:00;4,4035
14.12.2027 18:00;3,6832
14.12.2027 19:00;3,0585
14.12.2027 20:00;2,7532
14.12.2027 21:00;2,6207
14.12.2027 22:00;2,6003
14.12.2027 23:00;2,4592
15.12.2027 00:00;2,4248
15.12.2027 01:00;2,3231
15.12.2027 02:00;2,3296
15.12.2027 03:00;2,3688
15.12.2027 04:00;2,3905
15.12.2027 05:00;2,4838
15.12.2027 06:00;2,983
15.12.2027 07:00;3,7994
15.12.2027 08:00;4,6514
15.12.2027 09:00;4,5998
15.12.2027 10:00;5,2723
15.12.2027 11:00;4,7659
15.12.2027 12:00;4,3546
15.12.2027 13:00;4,4476
15.12.2027 14:00;4,6872
15.12.2027 15:00;4,8926
15.12.2027 16:00;4,9124
15.12.2027 17:00;4,337
15.12.2027 18:00;3,7217
15.12.2027 19:00;3,1401
15.12.2027 20:00;2,6302
15.12.2027 21:00;2,6087
15.12.2027 22:00;2,7218
15.12.2027 23:00;2,5018
16.12.2027 00:00;2,5401
16.12.2027 01:00;2,366
16.12.2027 02:00;2,3106
16.12.2027 03:00;2,2289
16.12.2027 04:00;2,3417
16.12.2027 05:00;2,5706
16.12.2027 06:00;2,9228
16.12.2027 07:00;3,7415
16.12.2027 08:00;4,6688
16.12.2027 09:00;4,6613
16.12.2027 10:00;4,8844
16.12.2027 11:00;4,9388
16.12.2027 12:00;4,0696
16.12.2027 13:00;4,7105
16.12.2027 14:00;4,9772
16.12.2027 15:00;4,8126
16.12.2027 16:00;4,5119
16.12.2027 17:00;4,4052
16.12.2027 18:00;3,7562
16.12.2027 19:00;3,126
16.12.2027 20:00;2,837
16.12.2027 21:00;2,8345
16.12.2027 22:00;2,6353
16.12.2027 23:00;2,6097
17.12.2027 00:00;2,6278
17.12.2027 01:00;2,3341
17.12.2027 02:00;2,3091
17.12.2027 03:00;2,3445
17.12.2027 04:00;2,3659
17.12.2027 05:00;2,4368
17.12.2027 06:00;2,9115
17.12.2027 07:00;3,7637
17.12.2027 08:00;4,3876
17.12.2027 09:00;5,0461
17.12.2027 10:00;4,8796
17.12.2027 11:00;4,9063
17.12.2027 12:00;4,271
17.12.2027 13:00;4,6518
17.12.2027 14:00;4,5976
17.12.2027 15:00;4,9811
17.12.2027 16:00;4,7678
17.12.2027 17:00;4,1559
17.12.2027 18:00;3,7246
17.12.2027 19:00;3,2982
17.12.2027 20:00;2,6936
17.12.2027 21:00;2,8022
17.12.2027 22:00;2,5576
17.12.2027 23:00;2,69
18.12.2027 00:00;1,9071
18.12.2027 01:00;1,7925
18.12.2027 02:00;1,8025
18.12.2027 03:00;1,7798
18.12.2027 04:00;1,8779
18.12.2027 05:00;1,9895
18.12.2027 06:00;2,0633
18.12.2027 07:00;2,2664
18.12.2027 08:00;2,4297
18.12.2027 09:00;2,4655
18.12.2027 10:00;2,5193
18.12.2027 11:00;2,3924
18.12.2027 12:00;2,271
18.12.2027 13:00;2,5033
18.12.2027 14:00;2,3831
18.12.2027 15:00;2,4446
18.12.2027 16:00;2,3608
18.12.2027 17:00;2,3686
18.12.2027 18:00;2,3481
18.12.2027 19:00;2,0827
18.12.2027 20:00;2,0516
18.12.2027 21:00;1,8786
18.12.2027 22:00;1,9086
18.12.2027 23:00;1,8776
19.12.2027 00:00;1,9507
19.12.2027 01:00;1,8426
19.12.2027 02:00;1,8767
19.12.2027 03:00;1,7486
19.12.2027 04:00;1,8314
19.12.2027 05:00;1,9834
19.12.2027 06:00;2,0447
19.12.2027 07:00;2,2198
19.12.2027 08:00;2,3529
19.12.2027 09:00;2,4252
19.12.2027 10:00;2,4684
19.12.2027 11:00;2,335
19.12.2027 12:00;2,4322
19.12.2027 13:00;2,2079
19.12.2027 14:00;2,352
19.12.2027 15:00;2,4414
19.12.2027 16:00;2,6065
19.12.2027 17:00;2,4407
19.12.2027 18:00;2,2187
19.12.2027 19:00;2,1515
19.12.2027 20:00;2,0657
19.12.2027 21:00;2,0453
19.12.2027 22:00;2,033
19.12.2027 23:00;1,8722
20.12.2027 00:00;2,4627
20.12.2027 01:00;2,3742
20.12.2027 02:00;2,3438
20.12.2027 03:00;2,1773
20.12.2027 04:00;2,4004
20.12.2027 05:00;2,4642
20.12.2027 06:00;2,8047
20.12.2027 07:00;3,8024
20.12.2027 08:00;4,6594
20.12.2027 09:00;4,8746
20.12.2027 10:00;5,1105
20.12.2027 11:00;4,7474
20.12.2027 12:00;4,1419
20.12.2027 13:00;4,6331
20.12.2027 14:00;4,7722
20.12.2027 15:00;5,1285
20.12.2027 16:00;4,704
20.12.2027 17:00;4,5582
20.12.2027 18:00;4,0302
20.12.2027 19:00;3,2641
20.12.2027 20:00;2,7385
20.12.2027 21:00;2,7782
20.12.2027 22:00;2,7209
20.12.2027 23:00;2,5433
21.12.2027 00:00;2,6573
21.12.2027 01:00;2,2973
21.12.2027 02:00;2,3217
21.12.2027 03:00;2,2565
21.12.2027 04:00;2,3976
21.12.2027 05:00;2,5081
21.12.2027 06:00;2,8758
21.12.2027 07:00;3,8076
21.12.2027 08:00;4,6156
21.12.2027 09:00;4,7535
21.12.2027 10:00;5,1236
21.12.2027 11:00;4,8734
21.12.2027 12:00;4,275
21.12.2027 13:00;4,6516
21.12.2027 14:00;4,6745
21.12.2027 15:00;4,6365
21.12.2027 16:00;4,8777
21.12.2027 17:00;4,3969
21.12.2027 18:00;3,7918
21.12.2027 19:00;3,3709
21.12.2027 20:00;2,7766
21.12.2027 21:00;2,7939
21.12.2027 22:00;2,8531
21.12.2027 23:00;2,6649
22.12.2027 00:00;2,588
22.12.2027 01:00;2,3655
22.12.2027 02:00;2,3581
22.12.2027 03:00;2,3761
22.12.2027 04:00;2,4717
22.12.2027 05:00;2,3878
22.12.2027 06:00;2,9437
22.12.2027 07:00;3,8238
22.12.2027 08:00;4,6205
22.12.2027 09:00;4,9827
22.12.2027 10:00;5,2169
22.12.2027 11:00;5,0372
22.12.2027 12:00;4,204
22.12.2027 13:00;4,5938
22.12.2027 14:00;4,7569
22.12.2027 15:00;4,7947
22.12.2027 16:00;4,5575
22.12.2027 17:00;4,4649
22.12.2027 18:00;3,7526
22.12.2027 19:00;3,2887
22.12.2027 20:00;2,8574
22.12.2027 21:00;2,8528
22.12.2027 22:00;2,8267
22.12.2027 23:00;2,545
23.12.2027 00:00;2,3865
23.12.2027 01:00;2,4689
23.12.2027 02:00;2,3425
23.12.2027 03:00;2,4147
23.12.2027 04:00;2,3924
23.12.2027 05:00;2,3896
23.12.2027 06:00;2,7944
23.12.2027 07:00;3,9724
23.12.2027 08:00;4,6296
23.12.2027 09:00;4,8624
23.12.2027 10:00;4,6651
23.12.2027 11:00;5,0733
23.12.2027 12:00;4,1559
23.12.2027 13:00;4,8628
23.12.2027 14:00;4,8228
23.12.2027 15:00;4,9471
23.12.2027 16:00;4,833
23.12.2027 17:00;4,4711
23.12.2027 18:00;3,9873
23.12.2027 19:00;3,314
23.12.2027 20:00;2,785
23.12.2027 21:00;2,7425
23.12.2027 22:00;2,7576
23.12.2027 23:00;2,6224
24.12.2027 00:00;1,1421
24.12.2027 01:00;1,0774
24.12.2027 02:00;1,0011
24.12.2027 03:00;0,9901
24.12.2027 04:00;1,0963
24.12.2027 05:00;1,0814
24.12.2027 06:00;1,2731
24.12.2027 07:00;1,6914
24.12.2027 08:00;2,0632
24.12.2027 09:00;2,2198
24.12.2027 10:00;2,2835
24.12.2027 11:00;2,1414
24.12.2027 12:00;2,0149
24.12.2027 13:00;2,1353
24.12.2027 14:00;2,2417
24.12.2027 15:00;2,1892
24.12.2027 16:00;1,9598
24.12.2027 17:00;1,9508
24.12.2027 18:00;1,7818
24.12.2027 19:00;1,468
24.12.2027 20:00;1,262
24.12.2027 21:00;1,2581
24.12.2027 22:00;1,2192
24.12.2027 23:00;1,2232
25.12.2027 00:00;0,4827
25.12.2027 01:00;0,4482
25.12.2027 02:00;0,4298
25.12.2027 03:00;0,4251
25.12.2027 04:00;0,4662
25.12.2027 05:00;0,468
25.12.2027 06:00;0,5062
25.12.2027 07:00;0,5594
25.12.2027 08:00;0,5926
25.12.2027 09:00;0,6176
25.12.2027 10:00;0,5916
25.12.2027 11:00;0,5848
25.12.2027 12:00;0,6073
25.12.2027 13:00;0,6111
25.12.2027 14:00;0,5793
25.12.2027 15:00;0,5962
25.12.2027 16:00;0,5917
25.12.2027 17:00;0,6168
25.12.2027 18:00;0,5452
25.12.2027 19:00;0,5141
25.12.2027 20:00;0,493
25.12.2027 21:00;0,5159
25.12.2027 22:00;0,4558
25.12.2027 23:00;0,509
26.12.2027 00:00;0,4673
26.12.2027 01:00;0,4346
26.12.2027 02:00;0,4389
26.12.2027 03:00;0,4289
26.12.2027 04:00;0,4457
26.12.2027 05:00;0,4818
26.12.2027 06:00;0,5246
26.12.2027 07:00;0,5865
26.12.2027 08:00;0,5703
26.12.2027 09:00;0,6028
26.12.2027 10:00;0,6153
26.12.2027 11:00;0,5821
26.12.2027 12:00;0,5838
26.12.2027 13:00;0,5648
26.12.2027 14:00;0,5891
26.12.2027 15:00;0,6068
26.12.2027 16:00;0,5801
26.12.2027 17:00;0,5879
26.12.2027 18:00;0,5284
26.12.2027 19:00;0,5379
26.12.2027 20:00;0,5265
26.12.2027 21:00;0,5085
26.12.2027 22:00;0,4885
26.12.2027 23:00;0,4738
27.12.2027 00:00;1,089
27.12.2027 01:00;1,0287
27.12.2027 02:00;1,0207
27.12.2027 03:00;1,0435
27.12.2027 04:00;1,073
27.12.2027 05:00;1,1882
27.12.2027 06:00;1,3204
27.12.2027 07:00;1,731
27.12.2027 08:00;1,9578
27.12.2027 09:00;2,1968
27.12.2027 10:00;2,2813
27.12.2027 11:00;2,1231
27.12.2027 12:00;1,9233
27.12.2027 13:00;1,9778
27.12.2027 14:00;2,2161
27.12.2027 15:00;2,0898
27.12.2027 16:00;2,213
27.12.2027 17:00;2,0515
27.12.2027 18:00;1,724
27.12.2027 19:00;1,4212
27.12.2027 20:00;1,3271
27.12.2027 21:00;1,1388
27.12.2027 22:00;1,1593
27.12.2027 23:00;1,2095
28.12.2027 00:00;1,1337
28.12.2027 01:00;1,0202
28.12.2027 02:00;1,0334
28.12.2027 03:00;1,0557
28.12.2027 04:00;1,1019
28.12.2027 05:00;1,1779
28.12.2027 06:00;1,3415
28.12.2027 07:00;1,7404
28.12.2027 08:00;2,1018
28.12.2027 09:00;2,2048
28.12.2027 10:00;2,2407
28.12.2027 11:00;2,2345
28.12.2027 12:00;2,0437
28.12.2027 13:00;2,0116
28.12.2027 14:00;2,3393
28.12.2027 15:00;2,2544
28.12.2027 16:00;2,1436
28.12.2027 17:00;1,9915
28.12.2027 18:00;1,705
28.12.2027 19:00;1,4374
28.12.2027 20:00;1,2173
28.12.2027 21:00;1,223
28.12.2027 22:00;1,1617
28.12.2027 23:00;1,1028
29.12.2027 00:00;1,1334
29.12.2027 01:00;1,0974
29.12.2027 02:00;1,0366
29.12.2027 03:00;1,0568
29.12.2027 04:00;1,1074
29.12.2027 05:00;1,1749
29.12.2027 06:00;1,3546
29.12.2027 07:00;1,8458
29.12.2027 08:00;2,0573
29.12.2027 09:00;2,3557
29.12.2027 10:00;2,3318
29.12.2027 11:00;2,2851
29.12.2027 12:00;1,9572
29.12.2027 13:00;2,1007
29.12.2027 14:00;2,1226
29.12.2027 15:00;2,2417
29.12.2027 16:00;2,0906
29.12.2027 17:00;2,1095
29.12.2027 18:00;1,7607
29.12.2027 19:00;1,4858
29.12.2027 20:00;1,2416
29.12.2027 21:00;1,2491
29.12.2027 22:00;1,2218
29.12.2027 23:00;1,2405
30.12.2027 00:00;1,1791
30.12.2027 01:00;1,0675
30.12.2027 02:00;1,0527
30.12.2027 03:00;1,0871
30.12.2027 04:00;1,1285
30.12.2027 05:00;1,1726
30.12.2027 06:00;1,2545
30.12.2027 07:00;1,7813
30.12.2027 08:00;2,0494
30.12.2027 09:00;2,238
30.12.2027 10:00;2,3117
30.12.2027 11:00;2,1455
30.12.2027 12:00;1,9413
30.12.2027 13:00;2,0616
30.12.2027 14:00;2,1943
30.12.2027 15:00;2,3848
30.12.2027 16:00;2,0325
30.12.2027 17:00;2,042
30.12.2027 18:00;1,7351
30.12.2027 19:00;1,4257
30.12.2027 20:00;1,232
30.12.2027 21:00;1,2117
30.12.2027 22:00;1,2039
30.12.2027 23:00;1,1465
31.12.2027 00:00;1,1304
31.12.2027 01:00;1,1276
31.12.2027 02:00;1,0042
31.12.2027 03:00;1,0408
31.12.2027 04:00;1,0788
31.12.2027 05:00;1,1907
31.12.2027 06:00;1,405
31.12.2027 07:00;1,7684
31.12.2027 08:00;2,0828
31.12.2027 09:00;2,0879
31.12.2027 10:00;2,3048
31.12.2027 11:00;2,257
31.12.2027 12:00;1,8776
31.12.2027 13:00;1,9989
31.12.2027 14:00;2,2729
31.12.2027 15:00;2,2248
31.12.2027 16:00;2,0785
31.12.2027 17:00;1,9921
31.12.2027 18:00;1,7279
31.12.2027 19:00;1,4894
31.12.2027 20:00;1,2902
31.12.2027 21:00;1,2121
31.12.2027 22:00;1,1034
31.12.2027 23:00;1,2041
